Name,DB,Name_clean
Aaron Ekblad,nst,aaronekblad
Aaron Ekblad,hr,aaronekblad
Aaron Ekblad,yh,aaronekblad
Aatu Räty,hr,aaturaty
Aatu Raty,nst,aaturaty
Adam Boqvist,yh,adamboqvist
Adam Boqvist,hr,adamboqvist
Adam Boqvist,nst,adamboqvist
Adam Edstrom,hr,adamedstrom
Adam Edstrom,nst,adamedstrom
Adam Fantilli,nst,adamfantilli
Adam Fantilli,yh,adamfantilli
Adam Fantilli,hr,adamfantilli
Adam Fox,yh,adamfox
Adam Fox,nst,adamfox
Adam Fox,hr,adamfox
Adam Gaudette,yh,adamgaudette
Adam Gaudette,hr,adamgaudette
Adam Gaudette,nst,adamgaudette
Adam Ginning,hr,adamginning
Adam Ginning,nst,adamginning
Adam Henrique,yh,adamhenrique
Adam Henrique,nst,adamhenrique
Adam Henrique,hr,adamhenrique
Adam Klapka,nst,adamklapka
Adam Klapka,hr,adamklapka
Adam Larsson,nst,adamlarsson
Adam Larsson,yh,adamlarsson
Adam Larsson,hr,adamlarsson
Adam Lowry,yh,adamlowry
Adam Lowry,nst,adamlowry
Adam Lowry,hr,adamlowry
Adam Pelech,nst,adampelech
Adam Pelech,yh,adampelech
Adam Pelech,hr,adampelech
Adam Wilsby,hr,adamwilsby
Adam Wilsby,nst,adamwilsby
Adin Hill,nst,adinhill
Adin Hill,yh,adinhill
Adin Hill,hr,adinhill
Adrian Kempe,nst,adriankempe
Adrian Kempe,hr,adriankempe
Adrian Kempe,yh,adriankempe
A.J. Greer,nst,ajgreer
A.J. Greer,yh,ajgreer
A.J. Greer,hr,ajgreer
Akil Thomas,hr,akilthomas
Akil Thomas,nst,akilthomas
Akira Schmid,hr,akiraschmid
Akira Schmid,nst,akiraschmid
Albert Johansson,yh,albertjohansson
Albert Johansson,hr,albertjohansson
Albert Johansson,nst,albertjohansson
Alec Martinez,hr,alecmartinez
Alec Martinez,nst,alecmartinez
Aleksander Barkov,nst,aleksanderbarkov
Aleksander Barkov,yh,aleksanderbarkov
Aleksander Barkov,hr,aleksanderbarkov
Aleksei Kolosov,nst,alekseikolosov
Aleksei Kolosov,hr,alekseikolosov
Aleksei Kolosov,yh,alekseikolosov
Ales Stezka,hr,alesstezka
Ales Stezka,nst,alesstezka
Alexandar Georgiev,hr,alexandargeorgiev
Alexandar Georgiev,nst,alexandargeorgiev
Alexandar Georgiev,yh,alexandargeorgiev
Alexander Alexeyev,nst,alexanderalexeyev
Alexander Alexeyev,hr,alexanderalexeyev
Alexander Holtz,hr,alexanderholtz
Alexander Holtz,nst,alexanderholtz
Alexander Kerfoot,nst,alexanderkerfoot
Alexander Kerfoot,hr,alexanderkerfoot
Alexander Nylander,hr,alexandernylander
Alexander Petrovic,hr,alexanderpetrovic
Alexander Romanov,yh,alexanderromanov
Alexander Romanov,hr,alexanderromanov
Alexander Romanov,nst,alexanderromanov
Alexander Wennberg,nst,alexanderwennberg
Alexander Wennberg,hr,alexanderwennberg
Alexandre Carrier,nst,alexandrecarrier
Alexandre Carrier,yh,alexandrecarrier
Alexandre Carrier,hr,alexandrecarrier
Alexandre Texier,hr,alexandretexier
Alexandre Texier,nst,alexandretexier
Alex Barré-Boulet,nst,alexbarreboulet
Alex Barré-Boulet,hr,alexbarreboulet
Alex DeBrincat,yh,alexdebrincat
Alex DeBrincat,hr,alexdebrincat
Alex DeBrincat,nst,alexdebrincat
Alexey Toropchenko,nst,alexeytoropchenko
Alexey Toropchenko,hr,alexeytoropchenko
Alex Iafallo,hr,alexiafallo
Alex Iafallo,nst,alexiafallo
Alexis Lafrenière,nst,alexislafreniere
Alexis Lafrenière,hr,alexislafreniere
Alexis Lafreniere,yh,alexislafreniere
Alex Killorn,yh,alexkillorn
Alex Killorn,hr,alexkillorn
Alex Killorn,nst,alexkillorn
Alex Laferriere,nst,alexlaferriere
Alex Laferriere,yh,alexlaferriere
Alex Laferriere,hr,alexlaferriere
Alex Lyon,nst,alexlyon
Alex Lyon,hr,alexlyon
Alex Lyon,yh,alexlyon
Alex Nedeljkovic,hr,alexnedeljkovic
Alex Nedeljkovic,nst,alexnedeljkovic
Alex Nedeljkovic,yh,alexnedeljkovic
Alex Newhook,hr,alexnewhook
Alex Newhook,nst,alexnewhook
Alex Nylander,nst,alexnylander
Alex Ovechkin,nst,alexovechkin
Alex Ovechkin,hr,alexovechkin
Alex Ovechkin,yh,alexovechkin
Alex Petrovic,nst,alexpetrovic
Alex Pietrangelo,nst,alexpietrangelo
Alex Pietrangelo,yh,alexpietrangelo
Alex Pietrangelo,hr,alexpietrangelo
Alex Steeves,nst,alexsteeves
Alex Steeves,hr,alexsteeves
Alex Tuch,yh,alextuch
Alex Tuch,nst,alextuch
Alex Tuch,hr,alextuch
Alex Turcotte,nst,alexturcotte
Alex Turcotte,hr,alexturcotte
Alex Vlasic,nst,alexvlasic
Alex Vlasic,yh,alexvlasic
Alex Vlasic,hr,alexvlasic
Aliaksei Protas,hr,aliakseiprotas
Aliaksei Protas,yh,aliakseiprotas
Aliaksei Protas,nst,aliakseiprotas
Anders Lee,nst,anderslee
Anders Lee,yh,anderslee
Anders Lee,hr,anderslee
Andreas Athanasiou,hr,andreasathanasiou
Andreas Athanasiou,nst,andreasathanasiou
Andreas Englund,hr,andreasenglund
Andreas Englund,nst,andreasenglund
Andre Burakovsky,nst,andreburakovsky
André Burakovsky,hr,andreburakovsky
Andre Burakovsky,yh,andreburakovsky
Andrei Kuzmenko,hr,andreikuzmenko
Andrei Kuzmenko,yh,andreikuzmenko
Andrei Kuzmenko,nst,andreikuzmenko
Andrei Svechnikov,nst,andreisvechnikov
Andrei Svechnikov,hr,andreisvechnikov
Andrei Svechnikov,yh,andreisvechnikov
Andrei Vasilevskiy,nst,andreivasilevskiy
Andrei Vasilevskiy,yh,andreivasilevskiy
Andrei Vasilevskiy,hr,andreivasilevskiy
Andre Lee,hr,andrelee
Andre Lee,nst,andrelee
Andrew Copp,nst,andrewcopp
Andrew Copp,hr,andrewcopp
Andrew Mangiapane,hr,andrewmangiapane
Andrew Mangiapane,nst,andrewmangiapane
Andrew Mangiapane,yh,andrewmangiapane
Andrew Peeke,hr,andrewpeeke
Andrew Peeke,nst,andrewpeeke
Andrew Poturalski,nst,andrewpoturalski
Andrew Poturalski,hr,andrewpoturalski
Angus Crookshank,nst,anguscrookshank
Angus Crookshank,hr,anguscrookshank
Anthony Beauvillier,yh,anthonybeauvillier
Anthony Beauvillier,nst,anthonybeauvillier
Anthony Beauvillier,hr,anthonybeauvillier
Anthony Cirelli,yh,anthonycirelli
Anthony Cirelli,hr,anthonycirelli
Anthony Cirelli,nst,anthonycirelli
Anthony Duclair,yh,anthonyduclair
Anthony Duclair,hr,anthonyduclair
Anthony Duclair,nst,anthonyduclair
Anthony Mantha,hr,anthonymantha
Anthony Mantha,yh,anthonymantha
Anthony Mantha,nst,anthonymantha
Anthony Richard,yh,anthonyrichard
Anthony Richard,hr,anthonyrichard
Anthony Richard,nst,anthonyrichard
Anthony Stolarz,hr,anthonystolarz
Anthony Stolarz,nst,anthonystolarz
Anthony Stolarz,yh,anthonystolarz
Anton Forsberg,hr,antonforsberg
Anton Forsberg,nst,antonforsberg
Anton Forsberg,yh,antonforsberg
Anton Lundell,hr,antonlundell
Anton Lundell,nst,antonlundell
Anton Lundell,yh,antonlundell
Anze Kopitar,yh,anzekopitar
Anže Kopitar,hr,anzekopitar
Anze Kopitar,nst,anzekopitar
Arber Xhekaj,yh,arberxhekaj
Arber Xhekaj,nst,arberxhekaj
Arber Xhekaj,hr,arberxhekaj
Arshdeep Bains,hr,arshdeepbains
Arshdeep Bains,nst,arshdeepbains
Artemi Panarin,hr,artemipanarin
Artemi Panarin,yh,artemipanarin
Artemi Panarin,nst,artemipanarin
Artem Zub,hr,artemzub
Artem Zub,nst,artemzub
Artem Zub,yh,artemzub
Arthur Kaliyev,hr,arthurkaliyev
Arthur Kaliyev,nst,arthurkaliyev
Arttu Hyry,hr,arttuhyry
Arttu Hyry,nst,arttuhyry
Artturi Lehkonen,hr,artturilehkonen
Artturi Lehkonen,yh,artturilehkonen
Artturi Lehkonen,nst,artturilehkonen
Arturs Silovs,nst,arturssilovs
Arturs Silovs,hr,arturssilovs
Arturs Silovs,yh,arturssilovs
Artyom Levshunov,yh,artyomlevshunov
Artyom Levshunov,hr,artyomlevshunov
Artyom Levshunov,nst,artyomlevshunov
Arvid Soderblom,nst,arvidsoderblom
Arvid Söderblom,hr,arvidsoderblom
Arvid Soderblom,yh,arvidsoderblom
Austin Watson,hr,austinwatson
Austin Watson,nst,austinwatson
Auston Matthews,yh,austonmatthews
Auston Matthews,nst,austonmatthews
Auston Matthews,hr,austonmatthews
Barclay Goodrow,nst,barclaygoodrow
Barclay Goodrow,hr,barclaygoodrow
Barrett Hayton,hr,barretthayton
Barrett Hayton,yh,barretthayton
Barrett Hayton,nst,barretthayton
Beck Malenstyn,hr,beckmalenstyn
Beck Malenstyn,yh,beckmalenstyn
Beck Malenstyn,nst,beckmalenstyn
Ben Chiarot,hr,benchiarot
Ben Chiarot,yh,benchiarot
Ben Chiarot,nst,benchiarot
Ben Hutton,nst,benhutton
Ben Hutton,hr,benhutton
Ben Jones,nst,benjones
Ben Jones,hr,benjones
Ben Meyers,hr,benmeyers
Ben Meyers,nst,benmeyers
Blake Coleman,hr,blakecoleman
Blake Coleman,nst,blakecoleman
Blake Coleman,yh,blakecoleman
Blake Lizotte,hr,blakelizotte
Blake Lizotte,nst,blakelizotte
Bobby Brink,nst,bobbybrink
Bobby Brink,hr,bobbybrink
Bobby McMann,yh,bobbymcmann
Bobby McMann,nst,bobbymcmann
Bobby McMann,hr,bobbymcmann
Bo Horvat,yh,bohorvat
Bo Horvat,nst,bohorvat
Bo Horvat,hr,bohorvat
Bokondji Imama,hr,bokondjiimama
Bokondji Imama,nst,bokondjiimama
Boone Jenner,yh,boonejenner
Boone Jenner,hr,boonejenner
Boone Jenner,nst,boonejenner
Bowen Byram,hr,bowenbyram
Bowen Byram,yh,bowenbyram
Bowen Byram,nst,bowenbyram
Braden Schneider,nst,bradenschneider
Braden Schneider,hr,bradenschneider
Braden Schneider,yh,bradenschneider
Brad Lambert,nst,bradlambert
Brad Lambert,hr,bradlambert
Brad Marchand,yh,bradmarchand
Brad Marchand,nst,bradmarchand
Brad Marchand,hr,bradmarchand
Brady Skjei,hr,bradyskjei
Brady Skjei,yh,bradyskjei
Brady Skjei,nst,bradyskjei
Brady Tkachuk,hr,bradytkachuk
Brady Tkachuk,yh,bradytkachuk
Brady Tkachuk,nst,bradytkachuk
Brandon Carlo,hr,brandoncarlo
Brandon Carlo,yh,brandoncarlo
Brandon Carlo,nst,brandoncarlo
Brandon Duhaime,yh,brandonduhaime
Brandon Duhaime,hr,brandonduhaime
Brandon Duhaime,nst,brandonduhaime
Brandon Hagel,yh,brandonhagel
Brandon Hagel,hr,brandonhagel
Brandon Hagel,nst,brandonhagel
Brandon Halverson,hr,brandonhalverson
Brandon Halverson,nst,brandonhalverson
Brandon Montour,hr,brandonmontour
Brandon Montour,nst,brandonmontour
Brandon Montour,yh,brandonmontour
Brandon Saad,nst,brandonsaad
Brandon Saad,hr,brandonsaad
Brandon Tanev,hr,brandontanev
Brandon Tanev,yh,brandontanev
Brandon Tanev,nst,brandontanev
Brandt Clarke,nst,brandtclarke
Brandt Clarke,yh,brandtclarke
Brandt Clarke,hr,brandtclarke
Brayden McNabb,hr,braydenmcnabb
Brayden McNabb,nst,braydenmcnabb
Brayden McNabb,yh,braydenmcnabb
Brayden Pachal,nst,braydenpachal
Brayden Pachal,hr,braydenpachal
Brayden Pachal,yh,braydenpachal
Brayden Point,yh,braydenpoint
Brayden Point,nst,braydenpoint
Brayden Point,hr,braydenpoint
Brayden Schenn,hr,braydenschenn
Brayden Schenn,yh,braydenschenn
Brayden Schenn,nst,braydenschenn
Brendan Brisson,nst,brendanbrisson
Brendan Brisson,hr,brendanbrisson
Brendan Gallagher,yh,brendangallagher
Brendan Gallagher,hr,brendangallagher
Brendan Gallagher,nst,brendangallagher
Brendan Gaunce,hr,brendangaunce
Brendan Gaunce,nst,brendangaunce
Brendan Smith,nst,brendansmith
Brendan Smith,hr,brendansmith
Brenden Dillon,nst,brendendillon
Brenden Dillon,hr,brendendillon
Brenden Dillon,yh,brendendillon
Brennan Othmann,nst,brennanothmann
Brennan Othmann,hr,brennanothmann
Brent Burns,nst,brentburns
Brent Burns,yh,brentburns
Brent Burns,hr,brentburns
Brett Berard,hr,brettberard
Brett Berard,nst,brettberard
Brett Howden,hr,bretthowden
Brett Howden,nst,bretthowden
Brett Howden,yh,bretthowden
Brett Kulak,hr,brettkulak
Brett Kulak,nst,brettkulak
Brett Kulak,yh,brettkulak
Brett Leason,hr,brettleason
Brett Leason,nst,brettleason
Brett Murray,hr,brettmurray
Brett Murray,nst,brettmurray
Brett Pesce,yh,brettpesce
Brett Pesce,hr,brettpesce
Brett Pesce,nst,brettpesce
Brian Dumoulin,hr,briandumoulin
Brian Dumoulin,nst,briandumoulin
Brian Dumoulin,yh,briandumoulin
Brian Halonen,nst,brianhalonen
Brian Halonen,hr,brianhalonen
Brock Boeser,nst,brockboeser
Brock Boeser,yh,brockboeser
Brock Boeser,hr,brockboeser
Brock Faber,hr,brockfaber
Brock Faber,nst,brockfaber
Brock Faber,yh,brockfaber
Brock McGinn,yh,brockmcginn
Brock McGinn,hr,brockmcginn
Brock McGinn,nst,brockmcginn
Brock Nelson,nst,brocknelson
Brock Nelson,yh,brocknelson
Brock Nelson,hr,brocknelson
Bryan Rust,yh,bryanrust
Bryan Rust,nst,bryanrust
Bryan Rust,hr,bryanrust
Caleb Jones,nst,calebjones
Caleb Jones,hr,calebjones
Cale Fleury,hr,calefleury
Cale Fleury,nst,calefleury
Cale Makar,hr,calemakar
Cale Makar,yh,calemakar
Cale Makar,nst,calemakar
Callahan Burke,hr,callahanburke
Callahan Burke,nst,callahanburke
Calle Järnkrok,hr,callejarnkrok
Calle Jarnkrok,nst,callejarnkrok
Calum Ritchie,hr,calumritchie
Calum Ritchie,nst,calumritchie
Calvin de Haan,nst,calvindehaan
Calvin de Haan,hr,calvindehaan
Calvin Pickard,yh,calvinpickard
Calvin Pickard,hr,calvinpickard
Calvin Pickard,nst,calvinpickard
Cam Atkinson,nst,camatkinson
Cam Atkinson,hr,camatkinson
Cam Dineen,nst,camdineen
Cam Dineen,hr,camdineen
Cameron Atkinson,nst,cameronatkinson
Cameron Lund,hr,cameronlund
Cameron York,hr,cameronyork
Cam Fowler,yh,camfowler
Cam Fowler,nst,camfowler
Cam Fowler,hr,camfowler
Cam Lund,nst,camlund
Cam Talbot,nst,camtalbot
Cam Talbot,hr,camtalbot
Cam Talbot,yh,camtalbot
Cam York,nst,camyork
Cam York,yh,camyork
Carl Grundstrom,nst,carlgrundstrom
Carl Grundstrom,yh,carlgrundstrom
Carl Grundström,hr,carlgrundstrom
Carson Soucy,nst,carsonsoucy
Carson Soucy,hr,carsonsoucy
Carson Soucy,yh,carsonsoucy
Carter Mazur,hr,cartermazur
Carter Mazur,nst,cartermazur
Carter Verhaeghe,nst,carterverhaeghe
Carter Verhaeghe,hr,carterverhaeghe
Carter Verhaeghe,yh,carterverhaeghe
Casey Cizikas,nst,caseycizikas
Casey Cizikas,yh,caseycizikas
Casey Cizikas,hr,caseycizikas
Casey DeSmith,nst,caseydesmith
Casey DeSmith,yh,caseydesmith
Casey DeSmith,hr,caseydesmith
Casey Mittelstadt,yh,caseymittelstadt
Casey Mittelstadt,nst,caseymittelstadt
Casey Mittelstadt,hr,caseymittelstadt
Cayden Primeau,nst,caydenprimeau
Cayden Primeau,yh,caydenprimeau
Cayden Primeau,hr,caydenprimeau
Chad Ruhwedel,nst,chadruhwedel
Chad Ruhwedel,hr,chadruhwedel
Chandler Stephenson,nst,chandlerstephenson
Chandler Stephenson,yh,chandlerstephenson
Chandler Stephenson,hr,chandlerstephenson
Charlie Coyle,nst,charliecoyle
Charlie Coyle,yh,charliecoyle
Charlie Coyle,hr,charliecoyle
Charlie Lindgren,yh,charlielindgren
Charlie Lindgren,nst,charlielindgren
Charlie Lindgren,hr,charlielindgren
Charlie McAvoy,yh,charliemcavoy
Charlie McAvoy,nst,charliemcavoy
Charlie McAvoy,hr,charliemcavoy
Chase Bradley,nst,chasebradley
Chase Bradley,hr,chasebradley
Chris Kreider,nst,chriskreider
Chris Kreider,hr,chriskreider
Chris Kreider,yh,chriskreider
Chris Tanev,nst,christanev
Chris Tanev,yh,christanev
Chris Tanev,hr,christanev
Christian Dvorak,hr,christiandvorak
Christian Dvorak,nst,christiandvorak
Christian Fischer,hr,christianfischer
Christian Fischer,nst,christianfischer
Chris Wagner,hr,chriswagner
Chris Wagner,nst,chriswagner
Clark Bishop,nst,clarkbishop
Clark Bishop,hr,clarkbishop
Claude Giroux,yh,claudegiroux
Claude Giroux,nst,claudegiroux
Claude Giroux,hr,claudegiroux
Clayton Keller,nst,claytonkeller
Clayton Keller,yh,claytonkeller
Clayton Keller,hr,claytonkeller
Cody Ceci,hr,codyceci
Cody Ceci,nst,codyceci
Cody Glass,yh,codyglass
Cody Glass,hr,codyglass
Cody Glass,nst,codyglass
Cole Caufield,yh,colecaufield
Cole Caufield,hr,colecaufield
Cole Caufield,nst,colecaufield
Cole Koepke,nst,colekoepke
Cole Koepke,hr,colekoepke
Cole Perfetti,hr,coleperfetti
Cole Perfetti,yh,coleperfetti
Cole Perfetti,nst,coleperfetti
Cole Reinhardt,nst,colereinhardt
Cole Reinhardt,hr,colereinhardt
Cole Schwindt,nst,coleschwindt
Cole Schwindt,hr,coleschwindt
Cole Sillinger,nst,colesillinger
Cole Sillinger,hr,colesillinger
Cole Sillinger,yh,colesillinger
Cole Smith,hr,colesmith
Cole Smith,nst,colesmith
Colin Blackwell,nst,colinblackwell
Colin Blackwell,hr,colinblackwell
Colin Miller,hr,colinmiller
Colin Miller,nst,colinmiller
Colin White,nst,colinwhite
Colin White,hr,colinwhite
Collin Graf,hr,collingraf
Collin Graf,nst,collingraf
Colton Dach,hr,coltondach
Colton Dach,nst,coltondach
Colton Parayko,yh,coltonparayko
Colton Parayko,hr,coltonparayko
Colton Parayko,nst,coltonparayko
Colton Sissons,hr,coltonsissons
Colton Sissons,nst,coltonsissons
Connor Bedard,nst,connorbedard
Connor Bedard,hr,connorbedard
Connor Bedard,yh,connorbedard
Connor Brown,nst,connorbrown
Connor Brown,hr,connorbrown
Connor Clifton,yh,connorclifton
Connor Clifton,hr,connorclifton
Connor Clifton,nst,connorclifton
Connor Dewar,hr,connordewar
Connor Dewar,nst,connordewar
Connor Dewar,yh,connordewar
Connor Hellebuyck,hr,connorhellebuyck
Connor Hellebuyck,nst,connorhellebuyck
Connor Hellebuyck,yh,connorhellebuyck
Connor Ingram,nst,connoringram
Connor Ingram,yh,connoringram
Connor Ingram,hr,connoringram
Connor Mackey,hr,connormackey
Connor Mackey,nst,connormackey
Connor McDavid,yh,connormcdavid
Connor McDavid,hr,connormcdavid
Connor McDavid,nst,connormcdavid
Connor McMichael,yh,connormcmichael
Connor McMichael,hr,connormcmichael
Connor McMichael,nst,connormcmichael
Connor Murphy,hr,connormurphy
Connor Murphy,yh,connormurphy
Connor Murphy,nst,connormurphy
Connor Zary,yh,connorzary
Connor Zary,nst,connorzary
Connor Zary,hr,connorzary
Conor Garland,yh,conorgarland
Conor Garland,hr,conorgarland
Conor Garland,nst,conorgarland
Conor Geekie,nst,conorgeekie
Conor Geekie,hr,conorgeekie
Conor Sheary,hr,conorsheary
Conor Sheary,nst,conorsheary
Conor Timmins,hr,conortimmins
Conor Timmins,yh,conortimmins
Conor Timmins,nst,conortimmins
Corey Perry,nst,coreyperry
Corey Perry,hr,coreyperry
Corey Schueneman,nst,coreyschueneman
Corey Schueneman,hr,coreyschueneman
Craig Smith,hr,craigsmith
Craig Smith,nst,craigsmith
Curtis Lazar,nst,curtislazar
Curtis Lazar,hr,curtislazar
Cutter Gauthier,hr,cuttergauthier
Cutter Gauthier,yh,cuttergauthier
Cutter Gauthier,nst,cuttergauthier
Daemon Hunt,hr,daemonhunt
Daemon Hunt,nst,daemonhunt
Dakota Joshua,nst,dakotajoshua
Dakota Joshua,yh,dakotajoshua
Dakota Joshua,hr,dakotajoshua
Dakota Mermis,hr,dakotamermis
Dakota Mermis,nst,dakotamermis
Dalibor Dvorsky,nst,dalibordvorsky
Dalibor Dvorsky,hr,dalibordvorsky
Damon Severson,hr,damonseverson
Damon Severson,yh,damonseverson
Damon Severson,nst,damonseverson
Daniel Sprong,hr,danielsprong
Daniel Sprong,nst,danielsprong
Daniel Vladař,hr,danielvladar
Daniil Gushchin,hr,daniilgushchin
Daniil Miromanov,hr,daniilmiromanov
Daniil Miromanov,nst,daniilmiromanov
Daniil Misyul,nst,daniilmisyul
Daniil Misyul,hr,daniilmisyul
Daniil Tarasov,hr,daniiltarasov
Daniil Tarasov,yh,daniiltarasov
Daniil Tarasov,nst,daniiltarasov
Danil Gushchin,nst,danilgushchin
Dante Fabbro,yh,dantefabbro
Dante Fabbro,nst,dantefabbro
Dante Fabbro,hr,dantefabbro
Danton Heinen,nst,dantonheinen
Danton Heinen,hr,dantonheinen
Dan Vladar,nst,danvladar
Dan Vladar,yh,danvladar
Darcy Kuemper,yh,darcykuemper
Darcy Kuemper,hr,darcykuemper
Darcy Kuemper,nst,darcykuemper
Darnell Nurse,yh,darnellnurse
Darnell Nurse,nst,darnellnurse
Darnell Nurse,hr,darnellnurse
Darren Raddysh,hr,darrenraddysh
Darren Raddysh,yh,darrenraddysh
Darren Raddysh,nst,darrenraddysh
David Gustafsson,hr,davidgustafsson
David Gustafsson,nst,davidgustafsson
David Jiříček,hr,davidjiricek
David Jiricek,nst,davidjiricek
David Kampf,nst,davidkampf
David Kämpf,hr,davidkampf
David Pastrnak,nst,davidpastrnak
David Pastrňák,hr,davidpastrnak
David Pastrnak,yh,davidpastrnak
David Perron,yh,davidperron
David Perron,hr,davidperron
David Perron,nst,davidperron
David Rittich,hr,davidrittich
David Rittich,nst,davidrittich
David Rittich,yh,davidrittich
David Savard,hr,davidsavard
David Savard,nst,davidsavard
David Savard,yh,davidsavard
Dawson Mercer,nst,dawsonmercer
Dawson Mercer,hr,dawsonmercer
Dawson Mercer,yh,dawsonmercer
Declan Carlile,nst,declancarlile
Declan Carlile,hr,declancarlile
Declan Chisholm,yh,declanchisholm
Declan Chisholm,hr,declanchisholm
Declan Chisholm,nst,declanchisholm
Dennis Cholowski,nst,dennischolowski
Dennis Cholowski,hr,dennischolowski
Dennis Gilbert,nst,dennisgilbert
Dennis Gilbert,hr,dennisgilbert
Dennis Hildeby,yh,dennishildeby
Dennis Hildeby,hr,dennishildeby
Dennis Hildeby,nst,dennishildeby
Denton Mateychuk,hr,dentonmateychuk
Denton Mateychuk,nst,dentonmateychuk
Derek Forbort,hr,derekforbort
Derek Forbort,nst,derekforbort
Derek Ryan,hr,derekryan
Derek Ryan,nst,derekryan
Devin Cooley,yh,devincooley
Devin Shore,hr,devinshore
Devin Shore,nst,devinshore
Devon Levi,yh,devonlevi
Devon Levi,hr,devonlevi
Devon Levi,nst,devonlevi
Devon Toews,nst,devontoews
Devon Toews,yh,devontoews
Devon Toews,hr,devontoews
Dmitri Voronkov,hr,dmitrivoronkov
Dmitri Voronkov,yh,dmitrivoronkov
Dmitri Voronkov,nst,dmitrivoronkov
Dmitry Kulikov,yh,dmitrykulikov
Dmitry Kulikov,hr,dmitrykulikov
Dmitry Kulikov,nst,dmitrykulikov
Dmitry Orlov,nst,dmitryorlov
Dmitry Orlov,yh,dmitryorlov
Dmitry Orlov,hr,dmitryorlov
Dominic Toninato,hr,dominictoninato
Dominic Toninato,nst,dominictoninato
Dominik Shine,nst,dominikshine
Dominik Shine,hr,dominikshine
Donovan Sebrango,nst,donovansebrango
Donovan Sebrango,hr,donovansebrango
Dougie Hamilton,nst,dougiehamilton
Dougie Hamilton,yh,dougiehamilton
Dougie Hamilton,hr,dougiehamilton
Drake Batherson,yh,drakebatherson
Drake Batherson,nst,drakebatherson
Drake Batherson,hr,drakebatherson
Drake Caggiula,hr,drakecaggiula
Drake Caggiula,nst,drakecaggiula
Drew Commesso,nst,drewcommesso
Drew Commesso,hr,drewcommesso
Drew Doughty,yh,drewdoughty
Drew Doughty,nst,drewdoughty
Drew Doughty,hr,drewdoughty
Drew Helleson,hr,drewhelleson
Drew Helleson,yh,drewhelleson
Drew Helleson,nst,drewhelleson
Drew O'Connor,hr,drewoconnor
Drew O'Connor,nst,drewoconnor
Dryden Hunt,hr,drydenhunt
Dryden Hunt,nst,drydenhunt
Dustin Tokarski,nst,dustintokarski
Dustin Tokarski,yh,dustintokarski
Dustin Tokarski,hr,dustintokarski
Dustin Wolf,hr,dustinwolf
Dustin Wolf,yh,dustinwolf
Dustin Wolf,nst,dustinwolf
Dylan Coghlan,hr,dylancoghlan
Dylan Coghlan,nst,dylancoghlan
Dylan Cozens,nst,dylancozens
Dylan Cozens,hr,dylancozens
Dylan Cozens,yh,dylancozens
Dylan DeMelo,hr,dylandemelo
Dylan DeMelo,nst,dylandemelo
Dylan DeMelo,yh,dylandemelo
Dylan Duke,nst,dylanduke
Dylan Duke,hr,dylanduke
Dylan Guenther,yh,dylanguenther
Dylan Guenther,hr,dylanguenther
Dylan Guenther,nst,dylanguenther
Dylan Holloway,yh,dylanholloway
Dylan Holloway,nst,dylanholloway
Dylan Holloway,hr,dylanholloway
Dylan Larkin,hr,dylanlarkin
Dylan Larkin,nst,dylanlarkin
Dylan Larkin,yh,dylanlarkin
Dylan McIlrath,nst,dylanmcilrath
Dylan McIlrath,hr,dylanmcilrath
Dylan Samberg,nst,dylansamberg
Dylan Samberg,yh,dylansamberg
Dylan Samberg,hr,dylansamberg
Dylan Strome,yh,dylanstrome
Dylan Strome,hr,dylanstrome
Dylan Strome,nst,dylanstrome
Eeli Tolvanen,yh,eelitolvanen
Eeli Tolvanen,nst,eelitolvanen
Eeli Tolvanen,hr,eelitolvanen
Eetu Luostarinen,nst,eetuluostarinen
Eetu Luostarinen,hr,eetuluostarinen
Egor Zamula,nst,egorzamula
Egor Zamula,yh,egorzamula
Elias Lindholm,nst,eliaslindholm
Elias Lindholm,yh,eliaslindholm
Elias Lindholm,hr,eliaslindholm
Elias Pettersson,nst,eliaspettersson
Elias Pettersson,hr,eliaspettersson
Elias Pettersson,yh,eliaspettersson
Elmer Söderblom,hr,elmersoderblom
Elmer Soderblom,nst,elmersoderblom
Elvis Merzlikins,yh,elvismerzlikins
Elvis Merzļikins,hr,elvismerzlikins
Elvis Merzlikins,nst,elvismerzlikins
Emil Andrae,nst,emilandrae
Emil Andrae,hr,emilandrae
Emil Bemstrom,nst,emilbemstrom
Emil Bemström,hr,emilbemstrom
Emil Heineman,yh,emilheineman
Emil Heineman,hr,emilheineman
Emil Heineman,nst,emilheineman
Emil Lilleberg,nst,emillilleberg
Emil Martinsen Lilleberg,hr,emilmartinsenlilleberg
Eric Comrie,nst,ericcomrie
Eric Comrie,hr,ericcomrie
Eric Comrie,yh,ericcomrie
Eric Robinson,yh,ericrobinson
Eric Robinson,nst,ericrobinson
Eric Robinson,hr,ericrobinson
Erik Brannstrom,nst,erikbrannstrom
Erik Brännström,hr,erikbrannstrom
Erik Brannstrom,yh,erikbrannstrom
Erik Cernak,nst,erikcernak
Erik Cernak,yh,erikcernak
Erik Černák,hr,erikcernak
Erik Gudbranson,nst,erikgudbranson
Erik Gudbranson,hr,erikgudbranson
Erik Gustafsson,yh,erikgustafsson
Erik Gustafsson,nst,erikgustafsson
Erik Gustafsson,hr,erikgustafsson
Erik Haula,yh,erikhaula
Erik Haula,hr,erikhaula
Erik Haula,nst,erikhaula
Erik Johnson,nst,erikjohnson
Erik Johnson,hr,erikjohnson
Erik Karlsson,yh,erikkarlsson
Erik Karlsson,nst,erikkarlsson
Erik Karlsson,hr,erikkarlsson
Erik Portillo,hr,erikportillo
Erik Portillo,nst,erikportillo
Esa Lindell,hr,esalindell
Esa Lindell,nst,esalindell
Esa Lindell,yh,esalindell
Ethan Cardwell,nst,ethancardwell
Ethan Cardwell,hr,ethancardwell
Ethan Del Mastro,hr,ethandelmastro
Ethan Del Mastro,nst,ethandelmastro
Ethen Frank,hr,ethenfrank
Ethen Frank,nst,ethenfrank
Evan Bouchard,nst,evanbouchard
Evan Bouchard,hr,evanbouchard
Evan Bouchard,yh,evanbouchard
Evander Kane,yh,evanderkane
Evan Rodrigues,yh,evanrodrigues
Evan Rodrigues,nst,evanrodrigues
Evan Rodrigues,hr,evanrodrigues
Evgenii Dadonov,nst,evgeniidadonov
Evgenii Dadonov,hr,evgeniidadonov
Evgenii Dadonov,yh,evgeniidadonov
Evgeni Malkin,nst,evgenimalkin
Evgeni Malkin,yh,evgenimalkin
Evgeni Malkin,hr,evgenimalkin
Fabian Lysell,nst,fabianlysell
Fabian Lysell,hr,fabianlysell
Fabian Zetterlund,nst,fabianzetterlund
Fabian Zetterlund,hr,fabianzetterlund
Fabian Zetterlund,yh,fabianzetterlund
Fedor Svechkov,hr,fedorsvechkov
Fedor Svechkov,nst,fedorsvechkov
Filip Chytil,nst,filipchytil
Filip Chytil,yh,filipchytil
Filip Chytil,hr,filipchytil
Filip Forsberg,nst,filipforsberg
Filip Forsberg,hr,filipforsberg
Filip Forsberg,yh,filipforsberg
Filip Gustavsson,yh,filipgustavsson
Filip Gustavsson,nst,filipgustavsson
Filip Gustavsson,hr,filipgustavsson
Filip Hronek,nst,filiphronek
Filip Hronek,yh,filiphronek
Filip Hronek,hr,filiphronek
Frank Nazar,nst,franknazar
Frank Nazar,hr,franknazar
Frank Vatrano,hr,frankvatrano
Frank Vatrano,yh,frankvatrano
Frank Vatrano,nst,frankvatrano
Fraser Minten,hr,fraserminten
Fraser Minten,yh,fraserminten
Fraser Minten,nst,fraserminten
Frederick Gaudreau,nst,frederickgaudreau
Frédérick Gaudreau,hr,frederickgaudreau
Frederick Gaudreau,yh,frederickgaudreau
Frederik Andersen,hr,frederikandersen
Frederik Andersen,yh,frederikandersen
Frederik Andersen,nst,frederikandersen
Gabe Perreault,nst,gabeperreault
Gabriel Landeskog,yh,gabriellandeskog
Gabriel Perreault,hr,gabrielperreault
Gabriel Vilardi,yh,gabrielvilardi
Gabriel Vilardi,hr,gabrielvilardi
Gabriel Vilardi,nst,gabrielvilardi
Gage Goncalves,yh,gagegoncalves
Gage Goncalves,nst,gagegoncalves
Gage Goncalves,hr,gagegoncalves
Garnet Hathaway,yh,garnethathaway
Garnet Hathaway,nst,garnethathaway
Garnet Hathaway,hr,garnethathaway
Georgii Merkulov,nst,georgiimerkulov
Georgii Merkulov,hr,georgiimerkulov
Georgi Romanov,hr,georgiromanov
Georgi Romanov,nst,georgiromanov
Givani Smith,hr,givanismith
Givani Smith,nst,givanismith
Grant Hutton,hr,granthutton
Grant Hutton,nst,granthutton
Grigori Denisenko,hr,grigoridenisenko
Grigori Denisenko,nst,grigoridenisenko
Guillaume Brisebois,nst,guillaumebrisebois
Guillaume Brisebois,hr,guillaumebrisebois
Gustav Forsling,hr,gustavforsling
Gustav Forsling,nst,gustavforsling
Gustav Forsling,yh,gustavforsling
Gustav Nyquist,hr,gustavnyquist
Gustav Nyquist,yh,gustavnyquist
Gustav Nyquist,nst,gustavnyquist
Hampus Lindholm,hr,hampuslindholm
Hampus Lindholm,yh,hampuslindholm
Hampus Lindholm,nst,hampuslindholm
Haydn Fleury,hr,haydnfleury
Haydn Fleury,nst,haydnfleury
Helge Grans,hr,helgegrans
Helge Grans,nst,helgegrans
Hendrix Lapierre,nst,hendrixlapierre
Hendrix Lapierre,hr,hendrixlapierre
Henri Jokiharju,hr,henrijokiharju
Henri Jokiharju,nst,henrijokiharju
Henry Thrun,hr,henrythrun
Henry Thrun,nst,henrythrun
Hudson Fasching,hr,hudsonfasching
Hudson Fasching,nst,hudsonfasching
Ian Cole,yh,iancole
Ian Cole,hr,iancole
Ian Cole,nst,iancole
Ian Mitchell,hr,ianmitchell
Ian Mitchell,nst,ianmitchell
Igor Shesterkin,nst,igorshesterkin
Igor Shesterkin,yh,igorshesterkin
Igor Shesterkin,hr,igorshesterkin
Ilya Lyubushkin,yh,ilyalyubushkin
Ilya Lyubushkin,hr,ilyalyubushkin
Ilya Lyubushkin,nst,ilyalyubushkin
Ilya Mikheyev,yh,ilyamikheyev
Ilya Mikheyev,nst,ilyamikheyev
Ilya Mikheyev,hr,ilyamikheyev
Ilya Samsonov,yh,ilyasamsonov
Ilya Samsonov,nst,ilyasamsonov
Ilya Samsonov,hr,ilyasamsonov
Ilya Solovyov,hr,ilyasolovyov
Ilya Solovyov,nst,ilyasolovyov
Ilya Sorokin,nst,ilyasorokin
Ilya Sorokin,yh,ilyasorokin
Ilya Sorokin,hr,ilyasorokin
Isaak Phillips,nst,isaakphillips
Isaak Phillips,hr,isaakphillips
Isac Lundeström,hr,isaclundestrom
Isac Lundestrom,nst,isaclundestrom
Isaiah George,hr,isaiahgeorge
Isaiah George,nst,isaiahgeorge
Isak Rosen,nst,isakrosen
Isak Rosen,hr,isakrosen
Ivan Barbashev,yh,ivanbarbashev
Ivan Barbashev,hr,ivanbarbashev
Ivan Barbashev,nst,ivanbarbashev
Ivan Demidov,yh,ivandemidov
Ivan Fedotov,hr,ivanfedotov
Ivan Fedotov,yh,ivanfedotov
Ivan Fedotov,nst,ivanfedotov
Ivan Ivan,nst,ivanivan
Ivan Ivan,hr,ivanivan
Ivan Miroshnichenko,nst,ivanmiroshnichenko
Ivan Miroshnichenko,hr,ivanmiroshnichenko
Ivan Provorov,hr,ivanprovorov
Ivan Provorov,nst,ivanprovorov
Ivan Provorov,yh,ivanprovorov
Jaccob Slavin,hr,jaccobslavin
Jaccob Slavin,nst,jaccobslavin
Jaccob Slavin,yh,jaccobslavin
Jack Drury,nst,jackdrury
Jack Drury,hr,jackdrury
Jack Eichel,yh,jackeichel
Jack Eichel,nst,jackeichel
Jack Eichel,hr,jackeichel
Jack Finley,nst,jackfinley
Jack Finley,hr,jackfinley
Jack Hughes,nst,jackhughes
Jack Hughes,yh,jackhughes
Jack Hughes,hr,jackhughes
Jack Johnson,nst,jackjohnson
Jack Johnson,hr,jackjohnson
Jack McBain,nst,jackmcbain
Jack McBain,yh,jackmcbain
Jack McBain,hr,jackmcbain
Jack Quinn,yh,jackquinn
Jack Quinn,nst,jackquinn
Jack Quinn,hr,jackquinn
Jack Roslovic,hr,jackroslovic
Jack Roslovic,nst,jackroslovic
Jack Roslovic,yh,jackroslovic
Jackson Blake,hr,jacksonblake
Jackson Blake,nst,jacksonblake
Jackson LaCombe,yh,jacksonlacombe
Jackson LaCombe,nst,jacksonlacombe
Jackson LaCombe,hr,jacksonlacombe
Jack St. Ivany,nst,jackstivany
Jack St. Ivany,hr,jackstivany
Jack Thompson,yh,jackthompson
Jack Thompson,hr,jackthompson
Jack Thompson,nst,jackthompson
Jacob Bernard-Docker,nst,jacobbernarddocker
Jacob Bernard-Docker,hr,jacobbernarddocker
Jacob Bryson,hr,jacobbryson
Jacob Bryson,nst,jacobbryson
Jacob Gaucher,nst,jacobgaucher
Jacob Gaucher,hr,jacobgaucher
Jacob Markstrom,nst,jacobmarkstrom
Jacob Markström,hr,jacobmarkstrom
Jacob Markstrom,yh,jacobmarkstrom
Jacob Melanson,hr,jacobmelanson
Jacob Melanson,nst,jacobmelanson
Jacob Middleton,hr,jacobmiddleton
Jacob Moverare,hr,jacobmoverare
Jacob Moverare,nst,jacobmoverare
Jacob Quillan,hr,jacobquillan
Jacob Quillan,nst,jacobquillan
Jacob Trouba,nst,jacobtrouba
Jacob Trouba,hr,jacobtrouba
Jacob Trouba,yh,jacobtrouba
Jaden Schwartz,hr,jadenschwartz
Jaden Schwartz,yh,jadenschwartz
Jaden Schwartz,nst,jadenschwartz
Jake Allen,nst,jakeallen
Jake Allen,yh,jakeallen
Jake Allen,hr,jakeallen
Jake Bean,hr,jakebean
Jake Bean,nst,jakebean
Jake Christiansen,hr,jakechristiansen
Jake Christiansen,nst,jakechristiansen
Jake DeBrusk,yh,jakedebrusk
Jake DeBrusk,hr,jakedebrusk
Jake DeBrusk,nst,jakedebrusk
Jake Evans,nst,jakeevans
Jake Evans,hr,jakeevans
Jake Evans,yh,jakeevans
Jake Guentzel,nst,jakeguentzel
Jake Guentzel,yh,jakeguentzel
Jake Guentzel,hr,jakeguentzel
Jake Lucchini,hr,jakelucchini
Jake Lucchini,nst,jakelucchini
Jake McCabe,yh,jakemccabe
Jake McCabe,hr,jakemccabe
Jake McCabe,nst,jakemccabe
Jake Middleton,yh,jakemiddleton
Jake Middleton,nst,jakemiddleton
Jake Neighbours,hr,jakeneighbours
Jake Neighbours,nst,jakeneighbours
Jake Neighbours,yh,jakeneighbours
Jake Oettinger,hr,jakeoettinger
Jake Oettinger,nst,jakeoettinger
Jake Oettinger,yh,jakeoettinger
Jake Sanderson,nst,jakesanderson
Jake Sanderson,yh,jakesanderson
Jake Sanderson,hr,jakesanderson
Jake Walman,yh,jakewalman
Jake Walman,hr,jakewalman
Jake Walman,nst,jakewalman
Jakob Chychrun,hr,jakobchychrun
Jakob Chychrun,yh,jakobchychrun
Jakob Chychrun,nst,jakobchychrun
Jakob Pelletier,nst,jakobpelletier
Jakob Pelletier,hr,jakobpelletier
Jakub Dobes,nst,jakubdobes
Jakub Dobes,yh,jakubdobes
Jakub Dobes,hr,jakubdobes
Jakub Lauko,nst,jakublauko
Jakub Lauko,hr,jakublauko
Jakub Skarek,nst,jakubskarek
Jakub Skarek,hr,jakubskarek
Jakub Vrána,hr,jakubvrana
Jakub Vrana,nst,jakubvrana
Jalen Chatfield,nst,jalenchatfield
Jalen Chatfield,hr,jalenchatfield
Jalen Chatfield,yh,jalenchatfield
James Malatesta,hr,jamesmalatesta
James Malatesta,nst,jamesmalatesta
James Reimer,nst,jamesreimer
James Reimer,yh,jamesreimer
James Reimer,hr,jamesreimer
James van Riemsdyk,nst,jamesvanriemsdyk
James van Riemsdyk,hr,jamesvanriemsdyk
Jamie Benn,nst,jamiebenn
Jamie Benn,hr,jamiebenn
Jamie Benn,yh,jamiebenn
Jamie Drysdale,nst,jamiedrysdale
Jamie Drysdale,yh,jamiedrysdale
Jamie Drysdale,hr,jamiedrysdale
Jamie Oleksiak,yh,jamieoleksiak
Jamie Oleksiak,hr,jamieoleksiak
Jamie Oleksiak,nst,jamieoleksiak
Jani Hakanpää,hr,janihakanpaa
Jani Hakanpää,nst,janihakanpaa
Jani Hakanpaa,yh,janihakanpaa
Jani Nyman,nst,janinyman
Jani Nyman,hr,janinyman
Janis Moser,yh,janismoser
Janis Moser,nst,janismoser
Jan Jenik,nst,janjenik
Jan Jeník,hr,janjenik
Jan Rutta,nst,janrutta
Jan Rutta,hr,janrutta
Jansen Harkins,hr,jansenharkins
Jansen Harkins,nst,jansenharkins
Jared McCann,yh,jaredmccann
Jared McCann,hr,jaredmccann
Jared McCann,nst,jaredmccann
Jared Spurgeon,yh,jaredspurgeon
Jared Spurgeon,hr,jaredspurgeon
Jared Spurgeon,nst,jaredspurgeon
Jason Dickinson,nst,jasondickinson
Jason Dickinson,hr,jasondickinson
Jason Polin,hr,jasonpolin
Jason Polin,nst,jasonpolin
Jason Robertson,hr,jasonrobertson
Jason Robertson,yh,jasonrobertson
Jason Robertson,nst,jasonrobertson
Jason Zucker,hr,jasonzucker
Jason Zucker,yh,jasonzucker
Jason Zucker,nst,jasonzucker
Jaxson Stauber,yh,jaxsonstauber
Jaxson Stauber,nst,jaxsonstauber
Jaxson Stauber,hr,jaxsonstauber
Jaycob Megna,nst,jaycobmegna
Jaycob Megna,hr,jaycobmegna
Jayden Struble,nst,jaydenstruble
Jayden Struble,hr,jaydenstruble
Jean-Gabriel Pageau,yh,jeangabrielpageau
Jean-Gabriel Pageau,nst,jeangabrielpageau
Jean-Gabriel Pageau,hr,jeangabrielpageau
Jeff Malott,nst,jeffmalott
Jeff Malott ,hr,jeffmalott
Jeff Petry,nst,jeffpetry
Jeff Petry,hr,jeffpetry
Jeffrey Viel,hr,jeffreyviel
Jeffrey Viel,nst,jeffreyviel
Jeff Skinner,yh,jeffskinner
Jeff Skinner,nst,jeffskinner
Jeff Skinner,hr,jeffskinner
Jere Innala,hr,jereinnala
Jere Innala,nst,jereinnala
Jeremy Lauzon,yh,jeremylauzon
Jeremy Lauzon,hr,jeremylauzon
Jeremy Lauzon,nst,jeremylauzon
Jeremy Swayman,yh,jeremyswayman
Jeremy Swayman,hr,jeremyswayman
Jeremy Swayman,nst,jeremyswayman
Jesper Boqvist,yh,jesperboqvist
Jesper Boqvist,hr,jesperboqvist
Jesper Boqvist,nst,jesperboqvist
Jesper Bratt,yh,jesperbratt
Jesper Bratt,nst,jesperbratt
Jesper Bratt,hr,jesperbratt
Jesperi Kotkaniemi,yh,jesperikotkaniemi
Jesperi Kotkaniemi,nst,jesperikotkaniemi
Jesperi Kotkaniemi,hr,jesperikotkaniemi
Jesper Wallstedt,yh,jesperwallstedt
Jesper Wallstedt,hr,jesperwallstedt
Jesper Wallstedt,nst,jesperwallstedt
Jesse Puljujärvi,hr,jessepuljujarvi
Jesse Puljujarvi,nst,jessepuljujarvi
Jet Greaves,hr,jetgreaves
Jet Greaves,yh,jetgreaves
Jet Greaves,nst,jetgreaves
Jett Luchanko,hr,jettluchanko
Jett Luchanko,nst,jettluchanko
Jimmy Schuldt,nst,jimmyschuldt
Jimmy Schuldt,hr,jimmyschuldt
Jimmy Snuggerud,hr,jimmysnuggerud
Jimmy Snuggerud,nst,jimmysnuggerud
Jimmy Vesey,hr,jimmyvesey
Jimmy Vesey,nst,jimmyvesey
Jiri Kulich,nst,jirikulich
Jiri Kulich,yh,jirikulich
Jiri Kulich,hr,jirikulich
J.J. Moser,nst,jjmoser
J.J. Moser,hr,jjmoser
Joakim Kemell,nst,joakimkemell
Joakim Kemell,hr,joakimkemell
Joel Armia,hr,joelarmia
Joel Armia,yh,joelarmia
Joel Armia,nst,joelarmia
Joel Blomqvist,nst,joelblomqvist
Joel Blomqvist,yh,joelblomqvist
Joel Blomqvist,hr,joelblomqvist
Joel Edmundson,yh,joeledmundson
Joel Edmundson,nst,joeledmundson
Joel Edmundson,hr,joeledmundson
Joel Eriksson Ek,nst,joelerikssonek
Joel Eriksson Ek,hr,joelerikssonek
Joel Eriksson Ek,yh,joelerikssonek
Joel Farabee,nst,joelfarabee
Joel Farabee,hr,joelfarabee
Joel Farabee,yh,joelfarabee
Joel Hanley,nst,joelhanley
Joel Hanley,hr,joelhanley
Joel Hofer,yh,joelhofer
Joel Hofer,hr,joelhofer
Joel Hofer,nst,joelhofer
Joel Kiviranta,nst,joelkiviranta
Joel Kiviranta,yh,joelkiviranta
Joel Kiviranta,hr,joelkiviranta
Joe Veleno,hr,joeveleno
Joe Veleno,nst,joeveleno
Joey Anderson,hr,joeyanderson
Joey Anderson,nst,joeyanderson
Joey Daccord,hr,joeydaccord
Joey Daccord,yh,joeydaccord
Joey Daccord,nst,joeydaccord
Johnathan Kovacevic,yh,johnathankovacevic
Johnathan Kovacevic,nst,johnathankovacevic
Johnathan Kovacevic,hr,johnathankovacevic
John Beecher,yh,johnbeecher
John Beecher,hr,johnbeecher
John Beecher,nst,johnbeecher
John Carlson,yh,johncarlson
John Carlson,nst,johncarlson
John Carlson,hr,johncarlson
John Gibson,yh,johngibson
John Gibson,hr,johngibson
John Gibson,nst,johngibson
John Hayden,hr,johnhayden
John Hayden,nst,johnhayden
John-Jason Peterka,nst,johnjasonpeterka
John-Jason Peterka,yh,johnjasonpeterka
John-Jason Peterka,hr,johnjasonpeterka
John Klingberg,nst,johnklingberg
John Klingberg,yh,johnklingberg
John Klingberg,hr,johnklingberg
John Ludvig,nst,johnludvig
John Ludvig,hr,johnludvig
John Marino,hr,johnmarino
John Marino,nst,johnmarino
John Tavares,hr,johntavares
John Tavares,nst,johntavares
John Tavares,yh,johntavares
Jonah Gadjovich,nst,jonahgadjovich
Jonah Gadjovich,hr,jonahgadjovich
Jonas Brodin,hr,jonasbrodin
Jonas Brodin,nst,jonasbrodin
Jonas Brodin,yh,jonasbrodin
Jonas Johansson,nst,jonasjohansson
Jonas Johansson,hr,jonasjohansson
Jonas Johansson,yh,jonasjohansson
Jonas Røndbjerg,hr,jonasrondbjerg
Jonas Rondbjerg,nst,jonasrondbjerg
Jonas Siegenthaler,yh,jonassiegenthaler
Jonas Siegenthaler,nst,jonassiegenthaler
Jonas Siegenthaler,hr,jonassiegenthaler
Jonatan Berggren,hr,jonatanberggren
Jonatan Berggren,nst,jonatanberggren
Jonathan Drouin,hr,jonathandrouin
Jonathan Drouin,yh,jonathandrouin
Jonathan Drouin,nst,jonathandrouin
Jonathan Huberdeau,nst,jonathanhuberdeau
Jonathan Huberdeau,hr,jonathanhuberdeau
Jonathan Huberdeau,yh,jonathanhuberdeau
Jonathan Lekkerimaki,nst,jonathanlekkerimaki
Jonathan Lekkerimaki,hr,jonathanlekkerimaki
Jonathan Lekkerimäki,nst,jonathanlekkerimaki
Jonathan Lekkerimaki,yh,jonathanlekkerimaki
Jonathan Marchessault,nst,jonathanmarchessault
Jonathan Marchessault,hr,jonathanmarchessault
Jonathan Marchessault,yh,jonathanmarchessault
Jonathan Quick,yh,jonathanquick
Jonathan Quick,nst,jonathanquick
Jonathan Quick,hr,jonathanquick
Jonathon Merrill,hr,jonathonmerrill
Jon Merrill,nst,jonmerrill
Jonny Brodzinski,hr,jonnybrodzinski
Jonny Brodzinski,nst,jonnybrodzinski
Joona Koppanen,nst,joonakoppanen
Joona Koppanen,hr,joonakoppanen
Joonas Korpisalo,nst,joonaskorpisalo
Joonas Korpisalo,hr,joonaskorpisalo
Joonas Korpisalo,yh,joonaskorpisalo
Jordan Binnington,hr,jordanbinnington
Jordan Binnington,yh,jordanbinnington
Jordan Binnington,nst,jordanbinnington
Jordan Eberle,hr,jordaneberle
Jordan Eberle,yh,jordaneberle
Jordan Eberle,nst,jordaneberle
Jordan Greenway,hr,jordangreenway
Jordan Greenway,nst,jordangreenway
Jordan Greenway,yh,jordangreenway
Jordan Harris,nst,jordanharris
Jordan Harris,hr,jordanharris
Jordan Kyrou,hr,jordankyrou
Jordan Kyrou,nst,jordankyrou
Jordan Kyrou,yh,jordankyrou
Jordan Martinook,hr,jordanmartinook
Jordan Martinook,yh,jordanmartinook
Jordan Martinook,nst,jordanmartinook
Jordan Oesterle,nst,jordanoesterle
Jordan Oesterle,hr,jordanoesterle
Jordan Spence,hr,jordanspence
Jordan Spence,yh,jordanspence
Jordan Spence,nst,jordanspence
Jordan Staal,hr,jordanstaal
Jordan Staal,nst,jordanstaal
Jordan Staal,yh,jordanstaal
Joseph LaBate,nst,josephlabate
Joseph Labate,hr,josephlabate
Joseph Woll,hr,josephwoll
Joseph Woll,nst,josephwoll
Joseph Woll,yh,josephwoll
Josh Anderson,hr,joshanderson
Josh Anderson,nst,joshanderson
Josh Anderson,yh,joshanderson
Josh Brown,hr,joshbrown
Josh Doan,hr,joshdoan
Josh Doan,yh,joshdoan
Josh Doan,nst,joshdoan
Josh Dunne,nst,joshdunne
Josh Mahura,hr,joshmahura
Josh Manson,hr,joshmanson
Josh Manson,yh,joshmanson
Josh Manson,nst,joshmanson
Josh Morrissey,hr,joshmorrissey
Josh Morrissey,nst,joshmorrissey
Josh Morrissey,yh,joshmorrissey
Josh Norris,yh,joshnorris
Josh Norris,nst,joshnorris
Joshua Brown,nst,joshuabrown
Joshua Dunne,hr,joshuadunne
Joshua Mahura,nst,joshuamahura
Joshua Norris,hr,joshuanorris
Joshua Roy,nst,joshuaroy
Joshua Roy,hr,joshuaroy
J.T. Compher,hr,jtcompher
J.T. Compher,yh,jtcompher
J.T. Compher,nst,jtcompher
J.T. Miller,hr,jtmiller
J.T. Miller,yh,jtmiller
J.T. Miller,nst,jtmiller
Juha Jaaska,hr,juhajaaska
Juha Jaaska,nst,juhajaaska
Julien Gauthier,hr,juliengauthier
Julien Gauthier,nst,juliengauthier
Juraj Slafkovsky,hr,jurajslafkovsky
Juraj Slafkovský,nst,jurajslafkovsky
Juraj Slafkovsky,nst,jurajslafkovsky
Juraj Slafkovsky,yh,jurajslafkovsky
Justin Barron,hr,justinbarron
Justin Barron,nst,justinbarron
Justin Brazeau,nst,justinbrazeau
Justin Brazeau,hr,justinbrazeau
Justin Danforth,nst,justindanforth
Justin Danforth,hr,justindanforth
Justin Dowling,hr,justindowling
Justin Dowling,nst,justindowling
Justin Faulk,yh,justinfaulk
Justin Faulk,nst,justinfaulk
Justin Faulk,hr,justinfaulk
Justin Holl,hr,justinholl
Justin Holl,nst,justinholl
Justin Hryckowian,nst,justinhryckowian
Justin Hryckowian,hr,justinhryckowian
Justin Kirkland,hr,justinkirkland
Justin Kirkland,nst,justinkirkland
Justin Robidas,nst,justinrobidas
Justin Robidas,hr,justinrobidas
Justin Sourdif,hr,justinsourdif
Justin Sourdif,nst,justinsourdif
Justus Annunen,yh,justusannunen
Justus Annunen,hr,justusannunen
Justus Annunen,nst,justusannunen
Juuse Saros,hr,juusesaros
Juuse Saros,yh,juusesaros
Juuse Saros,nst,juusesaros
Juuso Parssinen,nst,juusoparssinen
Juuso Pärssinen,hr,juusoparssinen
Juuso Välimäki,hr,juusovalimaki
Juuso Valimaki,nst,juusovalimaki
Kaapo Kähkönen,hr,kaapokahkonen
Kaapo Kahkonen,nst,kaapokahkonen
Kaapo Kahkonen,yh,kaapokahkonen
Kaapo Kakko,yh,kaapokakko
Kaapo Kakko,hr,kaapokakko
Kaapo Kakko,nst,kaapokakko
Kaedan Korczak,hr,kaedankorczak
Kaedan Korczak,nst,kaedankorczak
Kaiden Guhle,nst,kaidenguhle
Kaiden Guhle,yh,kaidenguhle
Kaiden Guhle,hr,kaidenguhle
Kailer Yamamoto,nst,kaileryamamoto
Kailer Yamamoto,hr,kaileryamamoto
K'Andre Miller,yh,kandremiller
K'Andre Miller,hr,kandremiller
K'Andre Miller,nst,kandremiller
Karel Vejmelka,hr,karelvejmelka
Karel Vejmelka,yh,karelvejmelka
Karel Vejmelka,nst,karelvejmelka
Kasperi Kapanen,nst,kasperikapanen
Kasperi Kapanen,hr,kasperikapanen
Keaton Middleton,nst,keatonmiddleton
Keaton Middleton,hr,keatonmiddleton
Keegan Kolesar,nst,keegankolesar
Keegan Kolesar,hr,keegankolesar
Keegan Kolesar,yh,keegankolesar
Kent Johnson,hr,kentjohnson
Kent Johnson,yh,kentjohnson
Kent Johnson,nst,kentjohnson
Kevin Bahl,hr,kevinbahl
Kevin Bahl,nst,kevinbahl
Kevin Bahl,yh,kevinbahl
Kevin Fiala,nst,kevinfiala
Kevin Fiala,yh,kevinfiala
Kevin Fiala,hr,kevinfiala
Kevin Gravel,hr,kevingravel
Kevin Gravel,nst,kevingravel
Kevin Hayes,nst,kevinhayes
Kevin Hayes,hr,kevinhayes
Kevin Korchinski,nst,kevinkorchinski
Kevin Korchinski,hr,kevinkorchinski
Kevin Labanc,hr,kevinlabanc
Kevin Labanc,nst,kevinlabanc
Kevin Lankinen,yh,kevinlankinen
Kevin Lankinen,hr,kevinlankinen
Kevin Lankinen,nst,kevinlankinen
Kevin Rooney,nst,kevinrooney
Kevin Rooney,hr,kevinrooney
Kevin Stenlund,nst,kevinstenlund
Kevin Stenlund,hr,kevinstenlund
Kiefer Sherwood,nst,kiefersherwood
Kiefer Sherwood,hr,kiefersherwood
Kiefer Sherwood,yh,kiefersherwood
Kieffer Bellows,hr,kiefferbellows
Kieffer Bellows,nst,kiefferbellows
Kirby Dach,yh,kirbydach
Kirby Dach,nst,kirbydach
Kirby Dach,hr,kirbydach
Kirill Kaprizov,yh,kirillkaprizov
Kirill Kaprizov,hr,kirillkaprizov
Kirill Kaprizov,nst,kirillkaprizov
Kirill Marchenko,yh,kirillmarchenko
Kirill Marchenko,hr,kirillmarchenko
Kirill Marchenko,nst,kirillmarchenko
Klim Kostin,hr,klimkostin
Klim Kostin,nst,klimkostin
Kris Letang,yh,krisletang
Kris Letang,hr,krisletang
Kris Letang,nst,krisletang
Kurtis MacDermid,nst,kurtismacdermid
Kurtis MacDermid,hr,kurtismacdermid
Kyle Burroughs,hr,kyleburroughs
Kyle Burroughs,nst,kyleburroughs
Kyle Capobianco,nst,kylecapobianco
Kyle Capobianco,hr,kylecapobianco
Kyle Connor,hr,kyleconnor
Kyle Connor,nst,kyleconnor
Kyle Connor,yh,kyleconnor
Kyle MacLean,nst,kylemaclean
Kyle MacLean,hr,kylemaclean
Kyle Palmieri,yh,kylepalmieri
Kyle Palmieri,nst,kylepalmieri
Kyle Palmieri,hr,kylepalmieri
Landon Slaggert,nst,landonslaggert
Landon Slaggert,hr,landonslaggert
Lane Hutson,hr,lanehutson
Lane Hutson,nst,lanehutson
Lane Hutson,yh,lanehutson
Lars Eller,nst,larseller
Lars Eller,hr,larseller
Laurent Brossoit,yh,laurentbrossoit
Lawson Crouse,nst,lawsoncrouse
Lawson Crouse,hr,lawsoncrouse
Lawson Crouse,yh,lawsoncrouse
Leevi Merilainen,yh,leevimerilainen
Leevi Merilainen,hr,leevimerilainen
Leevi Merilainen,nst,leevimerilainen
Leo Carlsson,nst,leocarlsson
Leo Carlsson,hr,leocarlsson
Leo Carlsson,yh,leocarlsson
Leon Draisaitl,nst,leondraisaitl
Leon Draisaitl,hr,leondraisaitl
Leon Draisaitl,yh,leondraisaitl
Liam Foudy,nst,liamfoudy
Liam Foudy,hr,liamfoudy
Liam O'Brien,nst,liamobrien
Liam O'Brien,hr,liamobrien
Liam O'Brien,yh,liamobrien
Liam Ohgren,hr,liamohgren
Liam Ohgren,nst,liamohgren
Lian Bichsel,nst,lianbichsel
Lian Bichsel,yh,lianbichsel
Lian Bichsel,hr,lianbichsel
Linus Karlsson,nst,linuskarlsson
Linus Karlsson,hr,linuskarlsson
Linus Ullmark,hr,linusullmark
Linus Ullmark,nst,linusullmark
Linus Ullmark,yh,linusullmark
Logan Cooley,yh,logancooley
Logan Cooley,nst,logancooley
Logan Cooley,hr,logancooley
Logan Mailloux,nst,loganmailloux
Logan Mailloux,hr,loganmailloux
Logan O'Connor,nst,loganoconnor
Logan O'Connor,hr,loganoconnor
Logan Stankoven,yh,loganstankoven
Logan Stankoven,hr,loganstankoven
Logan Stankoven,nst,loganstankoven
Logan Stanley,hr,loganstanley
Logan Stanley,nst,loganstanley
Logan Thompson,nst,loganthompson
Logan Thompson,yh,loganthompson
Logan Thompson,hr,loganthompson
Louis Crevier,nst,louiscrevier
Louis Crevier,hr,louiscrevier
Louis Domingue,hr,louisdomingue
Louis Domingue,nst,louisdomingue
Luca Cagnoni,nst,lucacagnoni
Luca Cagnoni,hr,lucacagnoni
Luca Del Bel Belluz,hr,lucadelbelbelluz
Luca Del Bel Belluz,nst,lucadelbelbelluz
Lucas Carlsson,nst,lucascarlsson
Lucas Carlsson,hr,lucascarlsson
Lucas Condotta,hr,lucascondotta
Lucas Condotta,nst,lucascondotta
Lucas Raymond,nst,lucasraymond
Lucas Raymond,yh,lucasraymond
Lucas Raymond,hr,lucasraymond
Lukáš Dostál,hr,lukasdostal
Lukas Dostal,nst,lukasdostal
Lukas Dostal,yh,lukasdostal
Lukas Reichel,hr,lukasreichel
Lukas Reichel,nst,lukasreichel
Luke Evangelista,nst,lukeevangelista
Luke Evangelista,hr,lukeevangelista
Luke Glendening,hr,lukeglendening
Luke Glendening,nst,lukeglendening
Luke Hughes,yh,lukehughes
Luke Hughes,hr,lukehughes
Luke Hughes,nst,lukehughes
Luke Kunin,nst,lukekunin
Luke Kunin,yh,lukekunin
Luke Kunin,hr,lukekunin
Luke Schenn,yh,lukeschenn
Luke Schenn,nst,lukeschenn
Luke Schenn,hr,lukeschenn
Mackenzie Blackwood,nst,mackenzieblackwood
Mackenzie Blackwood,yh,mackenzieblackwood
Mackenzie Blackwood,hr,mackenzieblackwood
MacKenzie Weegar,hr,mackenzieweegar
MacKenzie Weegar,yh,mackenzieweegar
MacKenzie Weegar,nst,mackenzieweegar
Mackie Samoskevich,nst,mackiesamoskevich
Mackie Samoskevich,hr,mackiesamoskevich
Mackie Samoskevich,yh,mackiesamoskevich
Macklin Celebrini,nst,macklincelebrini
Macklin Celebrini,hr,macklincelebrini
Macklin Celebrini,yh,macklincelebrini
Mads Sogaard,nst,madssogaard
Mads Søgaard,hr,madssogaard
Marat Khusnutdinov,nst,maratkhusnutdinov
Marat Khusnutdinov,hr,maratkhusnutdinov
Marc-Andre Fleury,yh,marcandrefleury
Marc-Andre Fleury,nst,marcandrefleury
Marc-André Fleury,hr,marcandrefleury
Marc Del Gaizo,hr,marcdelgaizo
Marc Del Gaizo,nst,marcdelgaizo
Marc-Édouard Vlasic,hr,marcedouardvlasic
Marc-Edouard Vlasic,nst,marcedouardvlasic
Marc Gatcomb,hr,marcgatcomb
Marc Gatcomb,nst,marcgatcomb
Marc McLaughlin,nst,marcmclaughlin
Marc McLaughlin,hr,marcmclaughlin
Marco Kasper,yh,marcokasper
Marco Kasper,nst,marcokasper
Marco Kasper,hr,marcokasper
Marco Rossi,yh,marcorossi
Marco Rossi,nst,marcorossi
Marco Rossi,hr,marcorossi
Marcus Foligno,hr,marcusfoligno
Marcus Foligno,nst,marcusfoligno
Marcus Foligno,yh,marcusfoligno
Marcus Hogberg,yh,marcushogberg
Marcus Hogberg,nst,marcushogberg
Marcus Högberg,hr,marcushogberg
Marcus Johansson,hr,marcusjohansson
Marcus Johansson,nst,marcusjohansson
Marcus Pettersson,nst,marcuspettersson
Marcus Pettersson,hr,marcuspettersson
Marcus Pettersson,yh,marcuspettersson
Mario Ferraro,yh,marioferraro
Mario Ferraro,hr,marioferraro
Mario Ferraro,nst,marioferraro
Mark Friedman,hr,markfriedman
Mark Friedman,nst,markfriedman
Mark Jankowski,hr,markjankowski
Mark Jankowski,nst,markjankowski
Mark Kastelic,hr,markkastelic
Mark Kastelic,yh,markkastelic
Mark Kastelic,nst,markkastelic
Mark Scheifele,hr,markscheifele
Mark Scheifele,yh,markscheifele
Mark Scheifele,nst,markscheifele
Mark Stone,yh,markstone
Mark Stone,nst,markstone
Mark Stone,hr,markstone
Martin Fehervary,yh,martinfehervary
Martin Fehérváry,hr,martinfehervary
Martin Fehérváry,nst,martinfehervary
Martin Fehervary,nst,martinfehervary
Martin Necas,nst,martinnecas
Martin Necas,yh,martinnecas
Martin Nečas,hr,martinnecas
Martin Pospisil,hr,martinpospisil
Martin Pospisil,yh,martinpospisil
Martin Pospisil,nst,martinpospisil
Mason Appleton,yh,masonappleton
Mason Appleton,hr,masonappleton
Mason Appleton,nst,masonappleton
Mason Lohrei,hr,masonlohrei
Mason Lohrei,yh,masonlohrei
Mason Lohrei,nst,masonlohrei
Mason Marchment,yh,masonmarchment
Mason Marchment,hr,masonmarchment
Mason Marchment,nst,masonmarchment
Mason McTavish,yh,masonmctavish
Mason McTavish,nst,masonmctavish
Mason McTavish,hr,masonmctavish
Mason Morelli,nst,masonmorelli
Mason Morelli,hr,masonmorelli
Matěj Blümel,hr,matejblumel
Mathew Barzal,yh,mathewbarzal
Mathew Barzal,hr,mathewbarzal
Mathew Barzal,nst,mathewbarzal
Mathew Dumba,hr,mathewdumba
Mathew Dumba,nst,mathewdumba
Mathieu Joseph,nst,mathieujoseph
Mathieu Joseph,hr,mathieujoseph
Mathieu Olivier,hr,mathieuolivier
Mathieu Olivier,yh,mathieuolivier
Mathieu Olivier,nst,mathieuolivier
Matias Maccelli,nst,matiasmaccelli
Matias Maccelli,hr,matiasmaccelli
Mat?j Blümel,nst,matjblumel
Mat?j  Blümel,nst,matjblumel
Mats Zuccarello,hr,matszuccarello
Mats Zuccarello,nst,matszuccarello
Mats Zuccarello,yh,matszuccarello
Matt Benning,hr,mattbenning
Matt Boldy,yh,mattboldy
Matt Boldy,nst,mattboldy
Matt Boldy,hr,mattboldy
Matt Coronato,yh,mattcoronato
Matt Coronato,nst,mattcoronato
Matt Duchene,hr,mattduchene
Matt Duchene,nst,mattduchene
Matt Duchene,yh,mattduchene
Matt Grzelcyk,yh,mattgrzelcyk
Matt Grzelcyk,nst,mattgrzelcyk
Matt Grzelcyk,hr,mattgrzelcyk
Matthew Beniers,hr,matthewbeniers
Matthew Benning,nst,matthewbenning
Matthew Coronato,hr,matthewcoronato
Matthew Highmore,hr,matthewhighmore
Matthew Highmore,nst,matthewhighmore
Matthew Kessel,nst,matthewkessel
Matthew Kessel,hr,matthewkessel
Matthew Knies,hr,matthewknies
Matthew Knies,yh,matthewknies
Matthew Knies,nst,matthewknies
Matthew Nieto,hr,matthewnieto
Matthew Poitras,nst,matthewpoitras
Matthew Poitras,hr,matthewpoitras
Matthew Savoie,hr,matthewsavoie
Matthew Stienburg,hr,matthewstienburg
Matthew Tkachuk,yh,matthewtkachuk
Matthew Tkachuk,hr,matthewtkachuk
Matthew Tkachuk,nst,matthewtkachuk
Mattias Ekholm,hr,mattiasekholm
Mattias Ekholm,yh,mattiasekholm
Mattias Ekholm,nst,mattiasekholm
Mattias Janmark,nst,mattiasjanmark
Mattias Janmark,hr,mattiasjanmark
Mattias Samuelsson,nst,mattiassamuelsson
Mattias Samuelsson,hr,mattiassamuelsson
Matt Martin,nst,mattmartin
Matt Martin,hr,mattmartin
Matt Murray,hr,mattmurray
Matt Murray,nst,mattmurray
Matt Murray,yh,mattmurray
Matt Nieto,nst,mattnieto
Matt Rempe,yh,mattrempe
Matt Rempe,hr,mattrempe
Matt Rempe,nst,mattrempe
Matt Roy,nst,mattroy
Matt Roy,yh,mattroy
Matt Roy,hr,mattroy
Matt Savoie,yh,mattsavoie
Matt Savoie,nst,mattsavoie
Matt Stienburg,nst,mattstienburg
Matty Beniers,nst,mattybeniers
Matty Beniers,yh,mattybeniers
Matty Beniers,hr,mattybeniers
Matvei Michkov,hr,matveimichkov
Matvei Michkov,yh,matveimichkov
Matvei Michkov,nst,matveimichkov
Maveric Lamoureux,nst,mavericlamoureux
Maveric Lamoureux,hr,mavericlamoureux
Maveric Lamoureux,yh,mavericlamoureux
Mavrik Bourque,hr,mavrikbourque
Mavrik Bourque,nst,mavrikbourque
Mavrik Bourque,yh,mavrikbourque
Max Domi,yh,maxdomi
Max Domi,hr,maxdomi
Max Domi,nst,maxdomi
Maxim Tsyplakov,nst,maximtsyplakov
Maxim Tsyplakov,hr,maximtsyplakov
Maxim Tsyplakov,yh,maximtsyplakov
Max Jones,hr,maxjones
Max Jones,nst,maxjones
Max Pacioretty,yh,maxpacioretty
Max Pacioretty,hr,maxpacioretty
Max Pacioretty,nst,maxpacioretty
Max Sasson,hr,maxsasson
Max Sasson,nst,maxsasson
Maxwell Crozier,hr,maxwellcrozier
Maxwell Crozier,nst,maxwellcrozier
Michael Amadio,hr,michaelamadio
Michael Amadio,nst,michaelamadio
Michael Anderson,hr,michaelanderson
Michael Bunting,hr,michaelbunting
Michael Bunting,yh,michaelbunting
Michael Bunting,nst,michaelbunting
Michael Callahan,hr,michaelcallahan
Michael Callahan,nst,michaelcallahan
Michael Carcone,nst,michaelcarcone
Michael Carcone,hr,michaelcarcone
Michael Eyssimont,hr,michaeleyssimont
Michael Eyssimont,nst,michaeleyssimont
Michael Kesselring,nst,michaelkesselring
Michael Kesselring,hr,michaelkesselring
Michael Kesselring,yh,michaelkesselring
Michael Matheson,hr,michaelmatheson
Michael Matheson,nst,michaelmatheson
Michael Matheson,yh,michaelmatheson
Michael McCarron,nst,michaelmccarron
Michael McCarron,yh,michaelmccarron
Michael McCarron,hr,michaelmccarron
Michael Milne,hr,michaelmilne
Michael Milne,nst,michaelmilne
Michael Pezzetta,nst,michaelpezzetta
Michael Pezzetta,hr,michaelpezzetta
Michael Rasmussen,nst,michaelrasmussen
Michael Rasmussen,hr,michaelrasmussen
Michael Sgarbossa,hr,michaelsgarbossa
Michael Sgarbossa,nst,michaelsgarbossa
Mikael Backlund,hr,mikaelbacklund
Mikael Backlund,yh,mikaelbacklund
Mikael Backlund,nst,mikaelbacklund
Mikael Granlund,nst,mikaelgranlund
Mikael Granlund,hr,mikaelgranlund
Mikael Granlund,yh,mikaelgranlund
Mikael Pyyhtia,hr,mikaelpyyhtia
Mikael Pyyhtia,nst,mikaelpyyhtia
Mika Zibanejad,nst,mikazibanejad
Mika Zibanejad,hr,mikazibanejad
Mika Zibanejad,yh,mikazibanejad
Mike Hardman,nst,mikehardman
Mike Hardman,hr,mikehardman
Mike Reilly,nst,mikereilly
Mike Reilly,hr,mikereilly
Mikey Anderson,yh,mikeyanderson
Mikey Anderson,nst,mikeyanderson
Mikhail Sergachev,nst,mikhailsergachev
Mikhail Sergachev,yh,mikhailsergachev
Mikhail Sergachev,hr,mikhailsergachev
Mikko Rantanen,yh,mikkorantanen
Mikko Rantanen,nst,mikkorantanen
Mikko Rantanen,hr,mikkorantanen
Miles Wood,hr,mileswood
Miles Wood,nst,mileswood
Miro Heiskanen,nst,miroheiskanen
Miro Heiskanen,hr,miroheiskanen
Miro Heiskanen,yh,miroheiskanen
Mitchell Chaffee,nst,mitchellchaffee
Mitchell Chaffee,hr,mitchellchaffee
Mitchell Marner,yh,mitchellmarner
Mitchell Stephens,nst,mitchellstephens
Mitchell Stephens,hr,mitchellstephens
Mitch Marner,nst,mitchmarner
Mitch Marner,hr,mitchmarner
Mitch Marner,yh,mitchmarner
Morgan Barron,hr,morganbarron
Morgan Barron,yh,morganbarron
Morgan Barron,nst,morganbarron
Morgan Frost,nst,morganfrost
Morgan Frost,hr,morganfrost
Morgan Frost,yh,morganfrost
Morgan Geekie,hr,morgangeekie
Morgan Geekie,yh,morgangeekie
Morgan Geekie,nst,morgangeekie
Morgan Rielly,yh,morganrielly
Morgan Rielly,hr,morganrielly
Morgan Rielly,nst,morganrielly
Moritz Seider,hr,moritzseider
Moritz Seider,nst,moritzseider
Moritz Seider,yh,moritzseider
Nate Schmidt,nst,nateschmidt
Nate Schmidt,hr,nateschmidt
Nathan Bastian,hr,nathanbastian
Nathan Bastian,nst,nathanbastian
Nathan Bastian,yh,nathanbastian
Nathan Clurman,hr,nathanclurman
Nathan Clurman,nst,nathanclurman
Nathan Légaré,nst,nathanlegare
Nathan Legare,hr,nathanlegare
Nathan MacKinnon,hr,nathanmackinnon
Nathan MacKinnon,yh,nathanmackinnon
Nathan MacKinnon,nst,nathanmackinnon
Nathan Walker,hr,nathanwalker
Nathan Walker,nst,nathanwalker
Nazem Kadri,hr,nazemkadri
Nazem Kadri,yh,nazemkadri
Nazem Kadri,nst,nazemkadri
Neal Pionk,nst,nealpionk
Neal Pionk,hr,nealpionk
Neal Pionk,yh,nealpionk
Nic Dowd,hr,nicdowd
Nic Dowd,yh,nicdowd
Nic Dowd,nst,nicdowd
Nicholas Nick Paul,hr,nicholasnickpaul
Nicholas Nick Paul,nst,nicholasnickpaul
Nicholas Nick Paul,yh,nicholasnickpaul
Nicholas Robertson,yh,nicholasrobertson
Nicholas Robertson,hr,nicholasrobertson
Nicholas Robertson,nst,nicholasrobertson
Nick Bjugstad,nst,nickbjugstad
Nick Bjugstad,yh,nickbjugstad
Nick Bjugstad,hr,nickbjugstad
Nick Blankenburg,yh,nickblankenburg
Nick Blankenburg,nst,nickblankenburg
Nick Blankenburg,hr,nickblankenburg
Nick Cousins,hr,nickcousins
Nick Cousins,nst,nickcousins
Nick DeSimone,nst,nickdesimone
Nick DeSimone,hr,nickdesimone
Nick Foligno,nst,nickfoligno
Nick Foligno,hr,nickfoligno
Nick Foligno,yh,nickfoligno
Nick Jensen,nst,nickjensen
Nick Jensen,hr,nickjensen
Nicklaus Perbix,hr,nicklausperbix
Nick Leddy,hr,nickleddy
Nick Leddy,yh,nickleddy
Nick Leddy,nst,nickleddy
Nick Perbix,nst,nickperbix
Nick Schmaltz,yh,nickschmaltz
Nick Schmaltz,hr,nickschmaltz
Nick Schmaltz,nst,nickschmaltz
Nick Seeler,nst,nickseeler
Nick Seeler,yh,nickseeler
Nick Seeler,hr,nickseeler
Nick Suzuki,yh,nicksuzuki
Nick Suzuki,hr,nicksuzuki
Nick Suzuki,nst,nicksuzuki
Nico Daws,nst,nicodaws
Nico Daws,hr,nicodaws
Nico Hischier,nst,nicohischier
Nico Hischier,hr,nicohischier
Nico Hischier,yh,nicohischier
Nicolas Aubé-Kubel,hr,nicolasaubekubel
Nicolas Aube-Kubel,nst,nicolasaubekubel
Nicolas Deslauriers,hr,nicolasdeslauriers
Nicolas Deslauriers,nst,nicolasdeslauriers
Nicolas Hague,hr,nicolashague
Nicolas Hague,nst,nicolashague
Nicolas Roy,yh,nicolasroy
Nicolas Roy,nst,nicolasroy
Nicolas Roy,hr,nicolasroy
Nico Sturm,hr,nicosturm
Nico Sturm,nst,nicosturm
Nikita Chibrikov,hr,nikitachibrikov
Nikita Chibrikov,nst,nikitachibrikov
Nikita Grebenkin,nst,nikitagrebenkin
Nikita Grebenkin,hr,nikitagrebenkin
Nikita Kucherov,hr,nikitakucherov
Nikita Kucherov,yh,nikitakucherov
Nikita Kucherov,nst,nikitakucherov
Nikita Nesterenko,nst,nikitanesterenko
Nikita Nesterenko,hr,nikitanesterenko
Nikita Prishchepov,nst,nikitaprishchepov
Nikita Prishchepov,hr,nikitaprishchepov
Nikita Zadorov,hr,nikitazadorov
Nikita Zadorov,yh,nikitazadorov
Nikita Zadorov,nst,nikitazadorov
Nikke Kokko,nst,nikkekokko
Niklas Kokko,hr,niklaskokko
Nikolai Kovalenko,nst,nikolaikovalenko
Nikolai Kovalenko,hr,nikolaikovalenko
Nikolaj Ehlers,yh,nikolajehlers
Nikolaj Ehlers,nst,nikolajehlers
Nikolaj Ehlers,hr,nikolajehlers
Nikolas Matinpalo,hr,nikolasmatinpalo
Nikolas Matinpalo,nst,nikolasmatinpalo
Niko Mikkola,nst,nikomikkola
Niko Mikkola,yh,nikomikkola
Niko Mikkola,hr,nikomikkola
Nils Aman,nst,nilsaman
Nils Åman,hr,nilsaman
Nils Hoglander,nst,nilshoglander
Nils Höglander,hr,nilshoglander
Nils Hoglander,yh,nilshoglander
Nils Lundkvist,hr,nilslundkvist
Nils Lundkvist,nst,nilslundkvist
Nino Niederreiter,hr,ninoniederreiter
Nino Niederreiter,yh,ninoniederreiter
Nino Niederreiter,nst,ninoniederreiter
Noah Cates,hr,noahcates
Noah Cates,nst,noahcates
Noah Dobson,hr,noahdobson
Noah Dobson,yh,noahdobson
Noah Dobson,nst,noahdobson
Noah Gregor,nst,noahgregor
Noah Gregor,hr,noahgregor
Noah Hanifin,yh,noahhanifin
Noah Hanifin,hr,noahhanifin
Noah Hanifin,nst,noahhanifin
Noah Juulsen,hr,noahjuulsen
Noah Juulsen,nst,noahjuulsen
Noah Juulsen,yh,noahjuulsen
Noah Philp,nst,noahphilp
Noah Philp,hr,noahphilp
Noel Acciari,hr,noelacciari
Noel Acciari,yh,noelacciari
Noel Acciari,nst,noelacciari
Nolan Allan,nst,nolanallan
Nolan Allan,hr,nolanallan
Nolan Foote,nst,nolanfoote
Nolan Foote,hr,nolanfoote
Olen Zellweger,nst,olenzellweger
Olen Zellweger,hr,olenzellweger
Olen Zellweger,yh,olenzellweger
Oliver Bjorkstrand,nst,oliverbjorkstrand
Oliver Bjorkstrand,yh,oliverbjorkstrand
Oliver Bjorkstrand,hr,oliverbjorkstrand
Oliver Ekman-Larsson,hr,oliverekmanlarsson
Oliver Ekman-Larsson,nst,oliverekmanlarsson
Oliver Ekman-Larsson,yh,oliverekmanlarsson
Oliver Kapanen,hr,oliverkapanen
Oliver Kapanen,nst,oliverkapanen
Oliver Kylington,nst,oliverkylington
Oliver Kylington,hr,oliverkylington
Oliver Moore,nst,olivermoore
Oliver Moore,hr,olivermoore
Oliver Wahlstrom,hr,oliverwahlstrom
Oliver Wahlstrom,nst,oliverwahlstrom
Olivier Rodrigue,hr,olivierrodrigue
Olivier Rodrigue,nst,olivierrodrigue
Olle Lycksell,hr,ollelycksell
Olle Lycksell,nst,ollelycksell
Olli Maatta,nst,ollimaatta
Olli Määttä,nst,ollimaatta
Olli Määttä,hr,ollimaatta
Ondřej Palát,hr,ondrejpalat
Ondrej Palat,nst,ondrejpalat
Ondrej Palat,yh,ondrejpalat
Oskar Back,hr,oskarback
Oskar Bäck,nst,oskarback
Oskar Back,nst,oskarback
Oskar Olausson,hr,oskarolausson
Oskar Olausson,nst,oskarolausson
Oskar Sundqvist,nst,oskarsundqvist
Oskar Sundqvist,hr,oskarsundqvist
Owen Beck,nst,owenbeck
Owen Beck,hr,owenbeck
Owen Pickering,hr,owenpickering
Owen Pickering,nst,owenpickering
Owen Power,nst,owenpower
Owen Power,hr,owenpower
Owen Power,yh,owenpower
Owen Sillinger,nst,owensillinger
Owen Sillinger,hr,owensillinger
Owen Tippett,nst,owentippett
Owen Tippett,yh,owentippett
Owen Tippett,hr,owentippett
Ozzy Wiesblatt,hr,ozzywiesblatt
Ozzy Wiesblatt,nst,ozzywiesblatt
Parker Ford,hr,parkerford
Parker Ford,nst,parkerford
Parker Kelly,nst,parkerkelly
Parker Kelly,hr,parkerkelly
Parker Wotherspoon,hr,parkerwotherspoon
Parker Wotherspoon,nst,parkerwotherspoon
Pat Maroon,hr,patmaroon
Patrick Brown,nst,patrickbrown
Patrick Brown,hr,patrickbrown
Patrick Giles,nst,patrickgiles
Patrick Giles,hr,patrickgiles
Patrick Kane,nst,patrickkane
Patrick Kane,yh,patrickkane
Patrick Kane,hr,patrickkane
Patrick Maroon,nst,patrickmaroon
Patrik Laine,nst,patriklaine
Patrik Laine,yh,patriklaine
Patrik Laine,hr,patriklaine
Paul Cotter,nst,paulcotter
Paul Cotter,hr,paulcotter
Paul Cotter,yh,paulcotter
Pavel Buchnevich,yh,pavelbuchnevich
Pavel Buchnevich,nst,pavelbuchnevich
Pavel Buchnevich,hr,pavelbuchnevich
Pavel Dorofeyev,yh,paveldorofeyev
Pavel Dorofeyev,nst,paveldorofeyev
Pavel Dorofeyev,hr,paveldorofeyev
Pavel Mintyukov,hr,pavelmintyukov
Pavel Mintyukov,nst,pavelmintyukov
Pavel Mintyukov,yh,pavelmintyukov
Pavel Zacha,nst,pavelzacha
Pavel Zacha,hr,pavelzacha
Pavel Zacha,yh,pavelzacha
Petr Mrazek,yh,petrmrazek
Petr Mrazek,nst,petrmrazek
Petr Mrázek,hr,petrmrazek
Peyton Krebs,nst,peytonkrebs
Peyton Krebs,hr,peytonkrebs
Pheonix Copley,nst,pheonixcopley
Pheonix Copley,hr,pheonixcopley
Philip Broberg,nst,philipbroberg
Philip Broberg,hr,philipbroberg
Philip Broberg,yh,philipbroberg
Philippe Myers,yh,philippemyers
Philippe Myers,nst,philippemyers
Philippe Myers,hr,philippemyers
Philipp Grubauer,nst,philippgrubauer
Philipp Grubauer,yh,philippgrubauer
Philipp Grubauer,hr,philippgrubauer
Philipp Kurashev,hr,philippkurashev
Philipp Kurashev,yh,philippkurashev
Philipp Kurashev,nst,philippkurashev
Philip Tomasino,hr,philiptomasino
Philip Tomasino,yh,philiptomasino
Philip Tomasino,nst,philiptomasino
Phillip Danault,yh,phillipdanault
Phillip Danault,nst,phillipdanault
Phillip Danault,hr,phillipdanault
Phillip Di Giuseppe,nst,phillipdigiuseppe
Phillip Di Giuseppe,hr,phillipdigiuseppe
Pierre Engvall,hr,pierreengvall
Pierre Engvall,nst,pierreengvall
Pierre-Luc Dubois,yh,pierrelucdubois
Pierre-Luc Dubois,nst,pierrelucdubois
Pierre-Luc Dubois,hr,pierrelucdubois
Pierre-Olivier Joseph,nst,pierreolivierjoseph
Pierre-Olivier Joseph,hr,pierreolivierjoseph
Pius Suter,yh,piussuter
Pius Suter,hr,piussuter
Pius Suter,nst,piussuter
P.O Joseph,nst,pojoseph
Pontus Holmberg,yh,pontusholmberg
Pontus Holmberg,nst,pontusholmberg
Pontus Holmberg,hr,pontusholmberg
Pyotr Kochetkov,hr,pyotrkochetkov
Pyotr Kochetkov,nst,pyotrkochetkov
Pyotr Kochetkov,yh,pyotrkochetkov
Quinn Hughes,nst,quinnhughes
Quinn Hughes,hr,quinnhughes
Quinn Hughes,yh,quinnhughes
Quinton Byfield,yh,quintonbyfield
Quinton Byfield,hr,quintonbyfield
Quinton Byfield,nst,quintonbyfield
Radek Faksa,hr,radekfaksa
Radek Faksa,nst,radekfaksa
Radko Gudas,hr,radkogudas
Radko Gudas,yh,radkogudas
Radko Gudas,nst,radkogudas
Rafaël Harvey-Pinard,hr,rafaelharveypinard
Rafael Harvey-Pinard,nst,rafaelharveypinard
Raphael Lavoie,hr,raphaellavoie
Raphael Lavoie,nst,raphaellavoie
Rasmus Andersson,yh,rasmusandersson
Rasmus Andersson,hr,rasmusandersson
Rasmus Andersson,nst,rasmusandersson
Rasmus Asplund,nst,rasmusasplund
Rasmus Asplund,hr,rasmusasplund
Rasmus Dahlin,hr,rasmusdahlin
Rasmus Dahlin,yh,rasmusdahlin
Rasmus Dahlin,nst,rasmusdahlin
Rasmus Kupari,hr,rasmuskupari
Rasmus Kupari,nst,rasmuskupari
Rasmus Ristolainen,nst,rasmusristolainen
Rasmus Ristolainen,yh,rasmusristolainen
Rasmus Ristolainen,hr,rasmusristolainen
Rasmus Sandin,hr,rasmussandin
Rasmus Sandin,nst,rasmussandin
Rasmus Sandin,yh,rasmussandin
Reese Johnson,hr,reesejohnson
Reese Johnson,nst,reesejohnson
Reilly Smith,hr,reillysmith
Reilly Smith,yh,reillysmith
Reilly Smith,nst,reillysmith
Rickard Rakell,hr,rickardrakell
Rickard Rakell,nst,rickardrakell
Rickard Rakell,yh,rickardrakell
Ridly Greig,nst,ridlygreig
Ridly Greig,hr,ridlygreig
Ridly Greig,yh,ridlygreig
Riley Stillman,hr,rileystillman
Riley Stillman,nst,rileystillman
Riley Tufte,hr,rileytufte
Riley Tufte,nst,rileytufte
Robby Fabbri,hr,robbyfabbri
Robby Fabbri,nst,robbyfabbri
Robert Bortuzzo,nst,robertbortuzzo
Robert Bortuzzo,hr,robertbortuzzo
Robert Hägg,hr,roberthagg
Robert Hagg,nst,roberthagg
Robert Thomas,yh,robertthomas
Robert Thomas,hr,robertthomas
Robert Thomas,nst,robertthomas
Rodrigo Abols,hr,rodrigoabols
Rodrigo Abols,nst,rodrigoabols
Roman Josi,yh,romanjosi
Roman Josi,nst,romanjosi
Roman Josi,hr,romanjosi
Roope Hintz,yh,roopehintz
Roope Hintz,nst,roopehintz
Roope Hintz,hr,roopehintz
Rory Kerins,hr,rorykerins
Rory Kerins,nst,rorykerins
Ross Colton,nst,rosscolton
Ross Colton,yh,rosscolton
Ross Colton,hr,rosscolton
Ross Johnston,nst,rossjohnston
Ross Johnston,yh,rossjohnston
Ross Johnston,hr,rossjohnston
Rutger McGroarty,nst,rutgermcgroarty
Rutger Mcgroarty,hr,rutgermcgroarty
Rutger McGroarty,hr,rutgermcgroarty
Ryan Donato,nst,ryandonato
Ryan Donato,yh,ryandonato
Ryan Donato,hr,ryandonato
Ryan Graves,nst,ryangraves
Ryan Graves,hr,ryangraves
Ryan Hartman,nst,ryanhartman
Ryan Hartman,hr,ryanhartman
Ryan Hartman,yh,ryanhartman
Ryan Johnson,nst,ryanjohnson
Ryan Johnson,hr,ryanjohnson
Ryan Leonard,nst,ryanleonard
Ryan Leonard,hr,ryanleonard
Ryan Lindgren,nst,ryanlindgren
Ryan Lindgren,hr,ryanlindgren
Ryan Lindgren,yh,ryanlindgren
Ryan Lomberg,hr,ryanlomberg
Ryan Lomberg,nst,ryanlomberg
Ryan McDonagh,hr,ryanmcdonagh
Ryan McDonagh,nst,ryanmcdonagh
Ryan McDonagh,yh,ryanmcdonagh
Ryan McLeod,nst,ryanmcleod
Ryan McLeod,hr,ryanmcleod
Ryan McLeod,yh,ryanmcleod
Ryan Nugent-Hopkins,nst,ryannugenthopkins
Ryan Nugent-Hopkins,yh,ryannugenthopkins
Ryan Nugent-Hopkins,hr,ryannugenthopkins
Ryan O'Reilly,yh,ryanoreilly
Ryan O'Reilly,hr,ryanoreilly
Ryan O'Reilly,nst,ryanoreilly
Ryan Poehling,nst,ryanpoehling
Ryan Poehling,hr,ryanpoehling
Ryan Pulock,hr,ryanpulock
Ryan Pulock,yh,ryanpulock
Ryan Pulock,nst,ryanpulock
Ryan Reaves,nst,ryanreaves
Ryan Reaves,hr,ryanreaves
Ryan Shea,hr,ryanshea
Ryan Shea,nst,ryanshea
Ryan Strome,nst,ryanstrome
Ryan Strome,yh,ryanstrome
Ryan Strome,hr,ryanstrome
Ryan Suter,nst,ryansuter
Ryan Suter,yh,ryansuter
Ryan Suter,hr,ryansuter
Ryan Suzuki,hr,ryansuzuki
Ryan Suzuki,nst,ryansuzuki
Ryan Winterton,nst,ryanwinterton
Ryan Winterton,hr,ryanwinterton
Ryker Evans,yh,rykerevans
Ryker Evans,nst,rykerevans
Ryker Evans,hr,rykerevans
Sam Bennett,yh,sambennett
Sam Bennett,hr,sambennett
Sam Bennett,nst,sambennett
Sam Carrick,nst,samcarrick
Sam Carrick,hr,samcarrick
Sam Colangelo,nst,samcolangelo
Sam Colangelo,yh,samcolangelo
Sam Colangelo,hr,samcolangelo
Sam Lafferty,hr,samlafferty
Sam Lafferty,nst,samlafferty
Sam Malinski,nst,sammalinski
Sam Malinski,yh,sammalinski
Sam Malinski,hr,sammalinski
Sam Montembeault,nst,sammontembeault
Sam Montembeault,yh,sammontembeault
Sam Montembeault,hr,sammontembeault
Sam Poulin,nst,sampoulin
Sam Reinhart,nst,samreinhart
Sam Reinhart,hr,samreinhart
Sam Reinhart,yh,samreinhart
Sam Rinzel,hr,samrinzel
Sam Rinzel,nst,samrinzel
Sam Steel,nst,samsteel
Sam Steel,hr,samsteel
Samuel Bolduc,nst,samuelbolduc
Samuel Bolduc,hr,samuelbolduc
Samuel Ersson,yh,samuelersson
Samuel Ersson,nst,samuelersson
Samuel Ersson,hr,samuelersson
Samuel Girard,hr,samuelgirard
Samuel Girard,nst,samuelgirard
Samuel Girard,yh,samuelgirard
Samuel Helenius,hr,samuelhelenius
Samuel Helenius,nst,samuelhelenius
Samuel Honzek,hr,samuelhonzek
Samuel Honzek,nst,samuelhonzek
Samuel Poulin,hr,samuelpoulin
Scott Laughton,yh,scottlaughton
Scott Laughton,hr,scottlaughton
Scott Laughton,nst,scottlaughton
Scott Mayfield,hr,scottmayfield
Scott Mayfield,nst,scottmayfield
Scott Mayfield,yh,scottmayfield
Scott Morrow,hr,scottmorrow
Scott Morrow,nst,scottmorrow
Scott Perunovich,hr,scottperunovich
Scott Perunovich,nst,scottperunovich
Scott Sabourin,hr,scottsabourin
Scott Sabourin,nst,scottsabourin
Scott Wedgewood,yh,scottwedgewood
Scott Wedgewood,nst,scottwedgewood
Scott Wedgewood,hr,scottwedgewood
Seamus Casey,nst,seamuscasey
Seamus Casey,yh,seamuscasey
Seamus Casey,hr,seamuscasey
Sean Couturier,nst,seancouturier
Sean Couturier,hr,seancouturier
Sean Durzi,nst,seandurzi
Sean Durzi,hr,seandurzi
Sean Durzi,yh,seandurzi
Sean Kuraly,nst,seankuraly
Sean Kuraly,hr,seankuraly
Sean Monahan,yh,seanmonahan
Sean Monahan,hr,seanmonahan
Sean Monahan,nst,seanmonahan
Sean Walker,yh,seanwalker
Sean Walker,hr,seanwalker
Sean Walker,nst,seanwalker
Sebastian Antero Aho,yh,sebastiananteroaho
Sebastian Antero Aho,nst,sebastiananteroaho
Sebastian Antero Aho,hr,sebastiananteroaho
Sebastian Cossa,nst,sebastiancossa
Sebastian Cossa,hr,sebastiancossa
Semyon Varlamov,hr,semyonvarlamov
Semyon Varlamov,nst,semyonvarlamov
Semyon Varlamov,yh,semyonvarlamov
Sergei Bobrovsky,hr,sergeibobrovsky
Sergei Bobrovsky,yh,sergeibobrovsky
Sergei Bobrovsky,nst,sergeibobrovsky
Seth Jarvis,nst,sethjarvis
Seth Jarvis,hr,sethjarvis
Seth Jarvis,yh,sethjarvis
Seth Jones,nst,sethjones
Seth Jones,hr,sethjones
Seth Jones,yh,sethjones
Shakir Mukhamadullin,nst,shakirmukhamadullin
Shakir Mukhamadullin,hr,shakirmukhamadullin
Shane Bowers,nst,shanebowers
Shane Bowers,hr,shanebowers
Shane Pinto,nst,shanepinto
Shane Pinto,yh,shanepinto
Shane Pinto,hr,shanepinto
Shane Wright,nst,shanewright
Shane Wright,yh,shanewright
Shane Wright,hr,shanewright
Shayne Gostisbehere,yh,shaynegostisbehere
Shayne Gostisbehere,hr,shaynegostisbehere
Shayne Gostisbehere,nst,shaynegostisbehere
Shea Theodore,nst,sheatheodore
Shea Theodore,yh,sheatheodore
Shea Theodore,hr,sheatheodore
Sidney Crosby,hr,sidneycrosby
Sidney Crosby,yh,sidneycrosby
Sidney Crosby,nst,sidneycrosby
Simon Benoit,hr,simonbenoit
Simon Benoit,yh,simonbenoit
Simon Benoit,nst,simonbenoit
Simon Edvinsson,nst,simonedvinsson
Simon Edvinsson,hr,simonedvinsson
Simon Edvinsson,yh,simonedvinsson
Simon Holmstrom,nst,simonholmstrom
Simon Holmström,hr,simonholmstrom
Simon Holmstrom,yh,simonholmstrom
Simon Nemec,hr,simonnemec
Simon Nemec,nst,simonnemec
Sonny Milano,hr,sonnymilano
Sonny Milano,nst,sonnymilano
Spencer Knight,yh,spencerknight
Spencer Knight,hr,spencerknight
Spencer Knight,nst,spencerknight
Spencer Martin,yh,spencermartin
Spencer Martin,hr,spencermartin
Spencer Martin,nst,spencermartin
Spencer Stastney,hr,spencerstastney
Spencer Stastney,nst,spencerstastney
Stefan Noesen,nst,stefannoesen
Stefan Noesen,hr,stefannoesen
Stefan Noesen,yh,stefannoesen
Steven Lorentz,yh,stevenlorentz
Steven Lorentz,nst,stevenlorentz
Steven Lorentz,hr,stevenlorentz
Steven Santini,hr,stevensantini
Steven Santini,nst,stevensantini
Steven Stamkos,hr,stevenstamkos
Steven Stamkos,yh,stevenstamkos
Steven Stamkos,nst,stevenstamkos
Stuart Skinner,yh,stuartskinner
Stuart Skinner,nst,stuartskinner
Stuart Skinner,hr,stuartskinner
Tage Thompson,nst,tagethompson
Tage Thompson,hr,tagethompson
Tage Thompson,yh,tagethompson
Tanner Jeannot,yh,tannerjeannot
Tanner Jeannot,nst,tannerjeannot
Tanner Jeannot,hr,tannerjeannot
Tanner Laczynski,hr,tannerlaczynski
Tanner Laczynski,nst,tannerlaczynski
Tanner Pearson,nst,tannerpearson
Tanner Pearson,hr,tannerpearson
Tanner Pearson,yh,tannerpearson
Taylor Hall,yh,taylorhall
Taylor Hall,nst,taylorhall
Taylor Hall,hr,taylorhall
Taylor Raddysh,hr,taylorraddysh
Taylor Raddysh,nst,taylorraddysh
Teddy Blueger,hr,teddyblueger
Teddy Blueger,nst,teddyblueger
Teuvo Teravainen,yh,teuvoteravainen
Teuvo Teravainen,nst,teuvoteravainen
Teuvo Teräväinen,hr,teuvoteravainen
Thatcher Demko,nst,thatcherdemko
Thatcher Demko,hr,thatcherdemko
Thatcher Demko,yh,thatcherdemko
Thomas Chabot,nst,thomaschabot
Thomas Chabot,hr,thomaschabot
Thomas Chabot,yh,thomaschabot
Thomas Harley,hr,thomasharley
Thomas Harley,nst,thomasharley
Thomas Harley,yh,thomasharley
Thomas Novak,hr,thomasnovak
Thomas Novak,nst,thomasnovak
Thomas Novak,yh,thomasnovak
Timo Meier,nst,timomeier
Timo Meier,yh,timomeier
Timo Meier,hr,timomeier
Timothy Liljegren,hr,timothyliljegren
Timothy Liljegren,yh,timothyliljegren
Timothy Liljegren,nst,timothyliljegren
Tim Stützle,hr,timstutzle
Tim Stutzle,yh,timstutzle
Tim Stützle,nst,timstutzle
T.J. Brodie,hr,tjbrodie
TJ Brodie,nst,tjbrodie
T.J. Tynan,hr,tjtynan
T.J. Tynan,nst,tjtynan
Tobias Bjornfot,nst,tobiasbjornfot
Tobias Björnfot,hr,tobiasbjornfot
Tomáš Hertl,hr,tomashertl
Tomas Hertl,nst,tomashertl
Tomas Hertl,yh,tomashertl
Tomáš Nosek,hr,tomasnosek
Tomas Nosek,nst,tomasnosek
Tomas Tatar,yh,tomastatar
Tomas Tatar,nst,tomastatar
Tomáš Tatar,hr,tomastatar
Tom Wilson,nst,tomwilson
Tom Wilson,yh,tomwilson
Tom Wilson,hr,tomwilson
Tony DeAngelo,nst,tonydeangelo
Tony DeAngelo,hr,tonydeangelo
Tony DeAngelo,yh,tonydeangelo
Torey Krug,yh,toreykrug
Travis Boyd,hr,travisboyd
Travis Boyd,nst,travisboyd
Travis Dermott,nst,travisdermott
Travis Dermott,hr,travisdermott
Travis Hamonic,nst,travishamonic
Travis Hamonic,yh,travishamonic
Travis Hamonic,hr,travishamonic
Travis Konecny,hr,traviskonecny
Travis Konecny,nst,traviskonecny
Travis Konecny,yh,traviskonecny
Travis Sanheim,hr,travissanheim
Travis Sanheim,nst,travissanheim
Travis Sanheim,yh,travissanheim
Trent Frederic,nst,trentfrederic
Trent Frederic,yh,trentfrederic
Trent Frederic,hr,trentfrederic
Trent Miner,nst,trentminer
Trent Miner,yh,trentminer
Trent Miner,hr,trentminer
Trevor Lewis,nst,trevorlewis
Trevor Lewis,hr,trevorlewis
Trevor Moore,yh,trevormoore
Trevor Moore,nst,trevormoore
Trevor Moore,hr,trevormoore
Trevor van Riemsdyk,nst,trevorvanriemsdyk
Trevor van Riemsdyk,yh,trevorvanriemsdyk
Trevor van Riemsdyk,hr,trevorvanriemsdyk
Trevor Zegras,yh,trevorzegras
Trevor Zegras,nst,trevorzegras
Trevor Zegras,hr,trevorzegras
Tristan Jarry,hr,tristanjarry
Tristan Jarry,yh,tristanjarry
Tristan Jarry,nst,tristanjarry
Tristan Luneau,nst,tristanluneau
Tristan Luneau,hr,tristanluneau
Troy Stecher,hr,troystecher
Troy Stecher,nst,troystecher
Troy Terry,nst,troyterry
Troy Terry,hr,troyterry
Troy Terry,yh,troyterry
Ty Dellandrea,hr,tydellandrea
Ty Dellandrea,nst,tydellandrea
Tye Felhaber,hr,tyefelhaber
Tye Felhaber,nst,tyefelhaber
Tye Kartye,nst,tyekartye
Tye Kartye,yh,tyekartye
Tye Kartye,hr,tyekartye
Ty Emberson,hr,tyemberson
Ty Emberson,yh,tyemberson
Ty Emberson,nst,tyemberson
Tyler Bertuzzi,nst,tylerbertuzzi
Tyler Bertuzzi,hr,tylerbertuzzi
Tyler Bertuzzi,yh,tylerbertuzzi
Tyler Johnson,nst,tylerjohnson
Tyler Johnson,hr,tylerjohnson
Tyler Kleven,hr,tylerkleven
Tyler Kleven,nst,tylerkleven
Tyler Kleven,yh,tylerkleven
Tyler Motte,nst,tylermotte
Tyler Motte,hr,tylermotte
Tyler Myers,yh,tylermyers
Tyler Myers,hr,tylermyers
Tyler Myers,nst,tylermyers
Tyler Seguin,yh,tylerseguin
Tyler Seguin,nst,tylerseguin
Tyler Seguin,hr,tylerseguin
Tyler Toffoli,nst,tylertoffoli
Tyler Toffoli,yh,tylertoffoli
Tyler Toffoli,hr,tylertoffoli
Tyler Tucker,nst,tylertucker
Tyler Tucker,hr,tylertucker
Ty Smith,yh,tysmith
Ty Smith,nst,tysmith
Ty Smith,hr,tysmith
Tyson Barrie,hr,tysonbarrie
Tyson Barrie,nst,tysonbarrie
Tyson Foerster,hr,tysonfoerster
Tyson Foerster,yh,tysonfoerster
Tyson Foerster,nst,tysonfoerster
Tyson Jost,nst,tysonjost
Tyson Jost,hr,tysonjost
Tyson Kozak,hr,tysonkozak
Tyson Kozak,nst,tysonkozak
Ukko-Pekka Luukkonen,yh,ukkopekkaluukkonen
Ukko-Pekka Luukkonen,hr,ukkopekkaluukkonen
Ukko-Pekka Luukkonen,nst,ukkopekkaluukkonen
Urho Vaakanainen,nst,urhovaakanainen
Urho Vaakanainen,hr,urhovaakanainen
Uvis Balinskis,hr,uvisbalinskis
Uvis Balinskis,nst,uvisbalinskis
Valeri Nichushkin,yh,valerinichushkin
Valeri Nichushkin,hr,valerinichushkin
Valeri Nichushkin,nst,valerinichushkin
Valtteri Puustinen,hr,valtteripuustinen
Valtteri Puustinen,nst,valtteripuustinen
Vasiliy Ponomarev,hr,vasiliyponomarev
Vasily Podkolzin,nst,vasilypodkolzin
Vasily Podkolzin,hr,vasilypodkolzin
Vasily Podkolzin,yh,vasilypodkolzin
Vasily Ponomarev,nst,vasilyponomarev
Victor Hedman,nst,victorhedman
Victor Hedman,yh,victorhedman
Victor Hedman,hr,victorhedman
Victor Mancini,nst,victormancini
Victor Mancini,hr,victormancini
Victor Olofsson,hr,victorolofsson
Victor Olofsson,yh,victorolofsson
Victor Olofsson,nst,victorolofsson
Viktor Arvidsson,yh,viktorarvidsson
Viktor Arvidsson,hr,viktorarvidsson
Viktor Arvidsson,nst,viktorarvidsson
Ville Heinola,nst,villeheinola
Ville Heinola,hr,villeheinola
Ville Husso,hr,villehusso
Ville Husso,yh,villehusso
Ville Husso,nst,villehusso
Ville Koivunen,hr,villekoivunen
Ville Koivunen,nst,villekoivunen
Vince Dunn,hr,vincedunn
Vince Dunn,nst,vincedunn
Vince Dunn,yh,vincedunn
Vincent Desharnais,hr,vincentdesharnais
Vincent Desharnais,nst,vincentdesharnais
Vincent Trocheck,hr,vincenttrocheck
Vincent Trocheck,yh,vincenttrocheck
Vincent Trocheck,nst,vincenttrocheck
Vinnie Hinostroza,hr,vinniehinostroza
Vinnie Hinostroza,nst,vinniehinostroza
Vinni Lettieri,hr,vinnilettieri
Vinni Lettieri,nst,vinnilettieri
Vitek Vanecek,nst,vitekvanecek
Vítek Vaněček,hr,vitekvanecek
Vitek Vanecek,yh,vitekvanecek
Vittorio Mancini,nst,vittoriomancini
Vittorio Mancini,hr,vittoriomancini
Vladimir Tarasenko,nst,vladimirtarasenko
Vladimir Tarasenko,hr,vladimirtarasenko
Vladimir Tarasenko,yh,vladimirtarasenko
Vladislav Gavrikov,nst,vladislavgavrikov
Vladislav Gavrikov,hr,vladislavgavrikov
Vladislav Gavrikov,yh,vladislavgavrikov
Vladislav Kolyachonok,nst,vladislavkolyachonok
Vladislav Kolyachonok,hr,vladislavkolyachonok
Vladislav Namestnikov,nst,vladislavnamestnikov
Vladislav Namestnikov,yh,vladislavnamestnikov
Vladislav Namestnikov,hr,vladislavnamestnikov
Walker Duehr,nst,walkerduehr
Walker Duehr,hr,walkerduehr
Warren Foegele,yh,warrenfoegele
Warren Foegele,nst,warrenfoegele
Warren Foegele,hr,warrenfoegele
Will Borgen,nst,willborgen
Will Borgen,yh,willborgen
Will Cuylle,yh,willcuylle
Will Cuylle,nst,willcuylle
William Borgen,hr,williamborgen
William Carrier,yh,williamcarrier
William Carrier,hr,williamcarrier
William Carrier,nst,williamcarrier
William Cuylle,hr,williamcuylle
William Eklund,hr,williameklund
William Eklund,nst,williameklund
William Eklund,yh,williameklund
William Karlsson,hr,williamkarlsson
William Karlsson,yh,williamkarlsson
William Karlsson,nst,williamkarlsson
William Lagesson,hr,williamlagesson
William Lagesson,nst,williamlagesson
William Nylander,hr,williamnylander
William Nylander,yh,williamnylander
William Nylander,nst,williamnylander
William Smith,hr,williamsmith
Will Smith,hr,willsmith
Will Smith,nst,willsmith
Will Smith,yh,willsmith
Wyatt Johnston,nst,wyattjohnston
Wyatt Johnston,yh,wyattjohnston
Wyatt Johnston,hr,wyattjohnston
Wyatt Kaiser,nst,wyattkaiser
Wyatt Kaiser,hr,wyattkaiser
Yakov Trenin,nst,yakovtrenin
Yakov Trenin,hr,yakovtrenin
Yakov Trenin,yh,yakovtrenin
Yaniv Perets,nst,yanivperets
Yaniv Perets,hr,yanivperets
Yanni Gourde,nst,yannigourde
Yanni Gourde,yh,yannigourde
Yanni Gourde,hr,yannigourde
Yaroslav Askarov,yh,yaroslavaskarov
Yaroslav Askarov,nst,yaroslavaskarov
Yaroslav Askarov,hr,yaroslavaskarov
Yegor Chinakhov,hr,yegorchinakhov
Yegor Chinakhov,yh,yegorchinakhov
Yegor Chinakhov,nst,yegorchinakhov
Yegor Sharangovich,nst,yegorsharangovich
Yegor Sharangovich,yh,yegorsharangovich
Yegor Sharangovich,hr,yegorsharangovich
Yegor Zamula,hr,yegorzamula
Zachary Bolduc,hr,zacharybolduc
Zachary Jones,hr,zacharyjones
Zachary L'Heureux,yh,zacharylheureux
Zachary L'Heureux,nst,zacharylheureux
Zachary L'Heureux,hr,zacharylheureux
Zach Aston-Reese,hr,zachastonreese
Zach Aston-Reese,nst,zachastonreese
Zach Benson,nst,zachbenson
Zach Benson,yh,zachbenson
Zach Benson,hr,zachbenson
Zach Bogosian,nst,zachbogosian
Zach Bogosian,hr,zachbogosian
Zach Hyman,nst,zachhyman
Zach Hyman,hr,zachhyman
Zach Hyman,yh,zachhyman
Zach Werenski,yh,zachwerenski
Zach Werenski,hr,zachwerenski
Zach Werenski,nst,zachwerenski
Zach Whitecloud,hr,zachwhitecloud
Zach Whitecloud,nst,zachwhitecloud
Zach Whitecloud,yh,zachwhitecloud
Zac Jones,nst,zacjones
Zack Bolduc,nst,zackbolduc
Zack Bolduc,yh,zackbolduc
Zack MacEwen,hr,zackmacewen
Zack MacEwen,nst,zackmacewen
Zack Ostapchuk,hr,zackostapchuk
Zack Ostapchuk,nst,zackostapchuk
Zemgus Girgensons,nst,zemgusgirgensons
Zemgus Girgensons,hr,zemgusgirgensons
